segment_id,row_index,row_label,section,anchor_mark_visible,color,thickness,code,legend_description,source_kind,pixel_x_start,pixel_x_end_exclusive,pixel_y_center,pixel_width,pixel_height_estimate,year_start,year_end,duration_years,note,base_year,end_year_exclusive,start_abs_day,end_abs_day,start_year,start_day_of_year,start_day_label,end_year,end_day_of_year,end_day_label,duration_days,normalized_sensor,normalized_satellite,match_key,era5_active_from_color,era_interim_active_from_color,era_source_right_edge_segment,original_end_abs_day,original_end_day_label,original_end_date_365,era_interim_clipped_start_day_label,era_interim_clipped_end_day_label,extension_interval_count
1,1,GOES 16 GEOS Rad.,Geostationary radiances,False,grey,thick,grey_thick,used in both ERA5 and the reference system,visible_color_bar,1450,1482,59,32,13,2018.567388,2019.685524,1.118136,visible raster pixels only; hidden/covered bar portions cannot be reconstructed,1978,2020,14808,15216,2018,208,2018-D208,2019,251,2019-D251,409,GEOS,GOES 16,GEOS|GOES 16,True,True,True,15216,2019-D251,2019-09-08,2018-D208,2019-D251,2
2,2,GOES 15 GEOS Rad.,Geostationary radiances,False,green,thick,green_thick,used in ERA5 but not in the reference system,visible_color_bar,1271,1377,78,106,13,2012.312812,2016.016639,3.703827,visible raster pixels only; hidden/covered bar portions cannot be reconstructed,1978,2020,12525,13877,2012,115,2012-D115,2016,7,2016-D007,1353,GEOS,GOES 15,GEOS|GOES 15,True,False,False,13877,2016-D007,2016-01-07,,,0
3,2,GOES 15 GEOS Rad.,Geostationary radiances,False,grey,thick,grey_thick,used in both ERA5 and the reference system,visible_color_bar,1378,1480,78,102,13,2016.051581,2019.615641,3.56406,visible raster pixels only; hidden/covered bar portions cannot be reconstructed,1978,2020,13889,15190,2016,19,2016-D019,2019,225,2019-D225,1302,GEOS,GOES 15,GEOS|GOES 15,True,True,False,15190,2019-D225,2019-08-13,2016-D019,2019-D225,0
4,4,GOES 13 GEOS Rad.,Geostationary radiances,False,grey,thick,grey_thick,used in both ERA5 and the reference system,visible_color_bar,1214,1283,117,69,13,2010.321131,2012.732113,2.410982,visible raster pixels only; hidden/covered bar portions cannot be reconstructed,1978,2020,11798,12678,2010,118,2010-D118,2012,268,2012-D268,881,GEOS,GOES 13,GEOS|GOES 13,True,True,False,12678,2012-D268,2012-09-25,2010-D118,2012-D268,0
5,4,GOES 13 GEOS Rad.,Geostationary radiances,False,grey,thick,grey_thick,used in both ERA5 and the reference system,visible_color_bar,1286,1433,117,147,13,2012.836938,2017.973378,5.136439,visible raster pixels only; hidden/covered bar portions cannot be reconstructed,1978,2020,12716,14591,2012,306,2012-D306,2017,356,2017-D356,1876,GEOS,GOES 13,GEOS|GOES 13,True,True,False,14591,2017-D356,2017-12-22,2012-D306,2017-D356,0
6,5,GOES 12 GEOS Rad.,Geostationary radiances,False,red,thick,red_thick,assimilated in the reference system but not in ERA5,visible_color_bar,1203,1213,136,10,13,2009.936772,2010.28619,0.349418,visible raster pixels only; hidden/covered bar portions cannot be reconstructed,1978,2020,11657,11785,2009,342,2009-D342,2010,105,2010-D105,129,GEOS,GOES 12,GEOS|GOES 12,False,True,False,11785,2010-D105,2010-04-15,2009-D342,2010-D105,0
7,5,GOES 12 GEOS Rad.,Geostationary radiances,False,grey,thick,grey_thick,used in both ERA5 and the reference system,visible_color_bar,1012,1175,136,163,13,2003.262895,2008.958403,5.695507,visible raster pixels only; hidden/covered bar portions cannot be reconstructed,1978,2020,9221,11300,2003,96,2003-D096,2008,350,2008-D350,2080,GEOS,GOES 12,GEOS|GOES 12,True,True,False,11300,2008-D350,2008-12-16,2003-D096,2008-D350,0
8,5,GOES 12 GEOS Rad.,Geostationary radiances,False,grey,thick,grey_thick,used in both ERA5 and the reference system,visible_color_bar,1178,1203,136,25,13,2009.063228,2009.936772,0.873544,visible raster pixels only; hidden/covered bar portions cannot be reconstructed,1978,2020,11339,11657,2009,24,2009-D024,2009,342,2009-D342,319,GEOS,GOES 12,GEOS|GOES 12,True,True,False,11657,2009-D342,2009-12-08,2009-D024,2009-D342,0
9,6,GOES 11 GEOS Rad.,Geostationary radiances,False,red,thick,red_thick,assimilated in the reference system but not in ERA5,visible_color_bar,1152,1157,155,5,13,2008.154742,2008.329451,0.174709,visible raster pixels only; hidden/covered bar portions cannot be reconstructed,1978,2020,11007,11071,2008,57,2008-D057,2008,121,2008-D121,65,GEOS,GOES 11,GEOS|GOES 11,False,True,False,11071,2008-D121,2008-05-01,2008-D057,2008-D121,0
10,6,GOES 11 GEOS Rad.,Geostationary radiances,False,grey,thick,grey_thick,used in both ERA5 and the reference system,visible_color_bar,1113,1151,155,38,13,2006.792013,2008.1198,1.327787,visible raster pixels only; hidden/covered bar portions cannot be reconstructed,1978,2020,10510,10994,2006,290,2006-D290,2008,44,2008-D044,485,GEOS,GOES 11,GEOS|GOES 11,True,True,False,10994,2008-D044,2008-02-13,2006-D290,2008-D044,0
11,6,GOES 11 GEOS Rad.,Geostationary radiances,False,grey,thick,grey_thick,used in both ERA5 and the reference system,visible_color_bar,1167,1260,155,93,13,2008.678869,2011.928453,3.249584,visible raster pixels only; hidden/covered bar portions cannot be reconstructed,1978,2020,11198,12384,2008,248,2008-D248,2011,339,2011-D339,1187,GEOS,GOES 11,GEOS|GOES 11,True,True,False,12384,2011-D339,2011-12-05,2008-D248,2011-D339,0
12,7,GOES 10 GEOS Rad.,Geostationary radiances,False,grey,thick,grey_thick,used in both ERA5 and the reference system,visible_color_bar,971,1105,174,134,13,2001.830283,2006.512479,4.682196,visible raster pixels only; hidden/covered bar portions cannot be reconstructed,1978,2020,8699,10408,2001,304,2001-D304,2006,188,2006-D188,1710,GEOS,GOES 10,GEOS|GOES 10,True,True,False,10408,2006-D188,2006-07-07,2001-D304,2006-D188,0
13,8,GOES 9 GEOS Rad.,Geostationary radiances,False,green,thick,green_thick,used in ERA5 but not in the reference system,visible_color_bar,1021,1029,193,8,13,2003.577371,2003.856905,0.279534,visible raster pixels only; hidden/covered bar portions cannot be reconstructed,1978,2020,9336,9438,2003,211,2003-D211,2003,313,2003-D313,103,GEOS,GOES 9,GEOS|GOES 9,True,False,False,9438,2003-D313,2003-11-09,,,0
14,8,GOES 9 GEOS Rad.,Geostationary radiances,False,grey,thick,grey_thick,used in both ERA5 and the reference system,visible_color_bar,1015,1021,193,6,13,2003.36772,2003.577371,0.209651,visible raster pixels only; hidden/covered bar portions cannot be reconstructed,1978,2020,9260,9336,2003,135,2003-D135,2003,211,2003-D211,77,GEOS,GOES 9,GEOS|GOES 9,True,True,False,9336,2003-D211,2003-07-30,2003-D135,2003-D211,0
15,8,GOES 9 GEOS Rad.,Geostationary radiances,False,grey,thick,grey_thick,used in both ERA5 and the reference system,visible_color_bar,1028,1088,193,60,13,2003.821963,2005.918469,2.096506,visible raster pixels only; hidden/covered bar portions cannot be reconstructed,1978,2020,9426,10191,2003,301,2003-D301,2005,336,2005-D336,766,GEOS,GOES 9,GEOS|GOES 9,True,True,False,10191,2005-D336,2005-12-02,2003-D301,2005-D336,0
16,9,GOES 8 GEOS Rad.,Geostationary radiances,False,grey,thick,grey_thick,used in both ERA5 and the reference system,visible_color_bar,971,1012,213,41,13,2001.830283,2003.262895,1.432612,visible raster pixels only; hidden/covered bar portions cannot be reconstructed,1978,2020,8699,9221,2001,304,2001-D304,2003,96,2003-D096,523,GEOS,GOES 8,GEOS|GOES 8,True,True,False,9221,2003-D096,2003-04-06,2001-D304,2003-D096,0
17,10,METEOSAT 11 GEOS Rad. Allsky,Geostationary radiances,False,grey,thick,grey_thick,used in both ERA5 and the reference system,visible_color_bar,1438,1482,232,44,13,2018.148087,2019.685524,1.537438,visible raster pixels only; hidden/covered bar portions cannot be reconstructed,1978,2020,14655,15216,2018,55,2018-D055,2019,251,2019-D251,562,SEVIRI,METEOSAT 11,SEVIRI|METEOSAT 11,True,True,True,15216,2019-D251,2019-09-08,2018-D055,2019-D251,3
18,11,METEOSAT 10 GEOS Rad. Allsky,Geostationary radiances,False,blue,thick,blue_thick,reprocessed relative to those assimilated in ERA-Interim,visible_color_bar,1293,1376,251,83,13,2013.081531,2015.981697,2.900166,visible raster pixels only; hidden/covered bar portions cannot be reconstructed,1978,2020,12805,13864,2013,30,2013-D030,2015,359,2015-D359,1060,SEVIRI,METEOSAT 10,SEVIRI|METEOSAT 10,True,True,False,13864,2015-D359,2015-12-25,2013-D030,2015-D359,0
19,11,METEOSAT 10 GEOS Rad. Allsky,Geostationary radiances,False,grey,thick,grey_thick,used in both ERA5 and the reference system,visible_color_bar,1377,1437,251,60,13,2016.016639,2018.113145,2.096506,visible raster pixels only; hidden/covered bar portions cannot be reconstructed,1978,2020,13877,14642,2016,7,2016-D007,2018,42,2018-D042,766,SEVIRI,METEOSAT 10,SEVIRI|METEOSAT 10,True,True,False,14642,2018-D042,2018-02-11,2016-D007,2018-D042,0
20,12,METEOSAT 9 GEOS Rad. Allsky,Geostationary radiances,False,blue,thick,blue_thick,reprocessed relative to those assimilated in ERA-Interim,visible_color_bar,1126,1175,270,49,13,2007.246256,2008.958403,1.712146,visible raster pixels only; hidden/covered bar portions cannot be reconstructed,1978,2020,10675,11300,2007,90,2007-D090,2008,350,2008-D350,626,SEVIRI,METEOSAT 9,SEVIRI|METEOSAT 9,True,True,False,11300,2008-D350,2008-12-16,2007-D090,2008-D350,0
21,12,METEOSAT 9 GEOS Rad. Allsky,Geostationary radiances,False,blue,thick,blue_thick,reprocessed relative to those assimilated in ERA-Interim,visible_color_bar,1177,1185,270,8,13,2009.028286,2009.30782,0.279534,visible raster pixels only; hidden/covered bar portions cannot be reconstructed,1978,2020,11326,11428,2009,11,2009-D011,2009,113,2009-D113,103,SEVIRI,METEOSAT 9,SEVIRI|METEOSAT 9,True,True,False,11428,2009-D113,2009-04-23,2009-D011,2009-D113,0
22,12,METEOSAT 9 GEOS Rad. Allsky,Geostationary radiances,False,blue,thick,blue_thick,reprocessed relative to those assimilated in ERA-Interim,visible_color_bar,1187,1293,270,106,13,2009.377704,2013.081531,3.703827,visible raster pixels only; hidden/covered bar portions cannot be reconstructed,1978,2020,11453,12805,2009,138,2009-D138,2013,30,2013-D030,1353,SEVIRI,METEOSAT 9,SEVIRI|METEOSAT 9,True,True,False,12805,2013-D030,2013-01-30,2009-D138,2013-D030,0
23,13,METEOSAT 8 GEOS Rad. Allsky,Geostationary radiances,False,blue,thick,blue_thick,reprocessed relative to those assimilated in ERA-Interim,visible_color_bar,1043,1063,290,20,13,2004.34609,2005.044925,0.698835,visible raster pixels only; hidden/covered bar portions cannot be reconstructed,1978,2020,9617,9872,2004,127,2004-D127,2005,17,2005-D017,256,SEVIRI,METEOSAT 8,SEVIRI|METEOSAT 8,True,True,False,9872,2005-D017,2005-01-17,2004-D127,2005-D017,0
24,13,METEOSAT 8 GEOS Rad. Allsky,Geostationary radiances,False,blue,thick,blue_thick,reprocessed relative to those assimilated in ERA-Interim,visible_color_bar,1065,1127,290,62,13,2005.114809,2007.281198,2.166389,visible raster pixels only; hidden/covered bar portions cannot be reconstructed,1978,2020,9897,10688,2005,42,2005-D042,2007,103,2007-D103,792,SEVIRI,METEOSAT 8,SEVIRI|METEOSAT 8,True,True,False,10688,2007-D103,2007-04-13,2005-D042,2007-D103,0
25,13,METEOSAT 8 GEOS Rad. Allsky,Geostationary radiances,False,grey,thick,grey_thick,used in both ERA5 and the reference system,visible_color_bar,1410,1482,290,72,13,2017.169717,2019.685524,2.515807,visible raster pixels only; hidden/covered bar portions cannot be reconstructed,1978,2020,14297,15216,2017,62,2017-D062,2019,251,2019-D251,920,SEVIRI,METEOSAT 8,SEVIRI|METEOSAT 8,True,True,True,15216,2019-D251,2019-09-08,2017-D062,2019-D251,2
26,14,METEOSAT 7 GEOS Rad.,Geostationary radiances,False,green,thick,green_thick,used in ERA5 but not in the reference system,visible_color_bar,957,1044,309,87,13,2001.341098,2004.381032,3.039933,visible raster pixels only; hidden/covered bar portions cannot be reconstructed,1978,2020,8520,9630,2001,125,2001-D125,2004,140,2004-D140,1111,GEOS,METEOSAT 7,GEOS|METEOSAT 7,True,False,False,9630,2004-D140,2004-05-20,,,0
27,14,METEOSAT 7 GEOS Rad.,Geostationary radiances,False,green,thick,green_thick,used in ERA5 but not in the reference system,visible_color_bar,1063,1066,309,3,13,2005.044925,2005.14975,0.104825,visible raster pixels only; hidden/covered bar portions cannot be reconstructed,1978,2020,9872,9910,2005,17,2005-D017,2005,55,2005-D055,39,GEOS,METEOSAT 7,GEOS|METEOSAT 7,True,False,False,9910,2005-D055,2005-02-24,,,0
28,14,METEOSAT 7 GEOS Rad.,Geostationary radiances,False,red,thick,red_thick,assimilated in the reference system but not in ERA5,visible_color_bar,1300,1304,309,4,12,2013.326123,2013.46589,0.139767,visible raster pixels only; hidden/covered bar portions cannot be reconstructed,1978,2020,12895,12946,2013,120,2013-D120,2013,171,2013-D171,52,GEOS,METEOSAT 7,GEOS|METEOSAT 7,False,True,False,12946,2013-D171,2013-06-20,2013-D120,2013-D171,0
29,14,METEOSAT 7 GEOS Rad.,Geostationary radiances,False,grey,thick,grey_thick,used in both ERA5 and the reference system,visible_color_bar,1122,1410,309,288,13,2007.106489,2017.169717,10.063228,visible raster pixels only; hidden/covered bar portions cannot be reconstructed,1978,2020,10624,14297,2007,39,2007-D039,2017,62,2017-D062,3674,GEOS,METEOSAT 7,GEOS|METEOSAT 7,True,True,False,14297,2017-D062,2017-03-03,2007-D039,2017-D062,0
30,15,METEOSAT 5 GEOS Rad.,Geostationary radiances,False,green,thick,green_thick,used in ERA5 but not in the reference system,visible_color_bar,1013,1024,328,11,13,2003.297837,2003.682196,0.384359,visible raster pixels only; hidden/covered bar portions cannot be reconstructed,1978,2020,9234,9375,2003,109,2003-D109,2003,250,2003-D250,142,GEOS,METEOSAT 5,GEOS|METEOSAT 5,True,False,False,9375,2003-D250,2003-09-07,,,0
31,15,METEOSAT 5 GEOS Rad.,Geostationary radiances,False,green,thick,green_thick,used in ERA5 but not in the reference system,visible_color_bar,1028,1031,328,3,13,2003.821963,2003.926789,0.104825,visible raster pixels only; hidden/covered bar portions cannot be reconstructed,1978,2020,9426,9464,2003,301,2003-D301,2003,339,2003-D339,39,GEOS,METEOSAT 5,GEOS|METEOSAT 5,True,False,False,9464,2003-D339,2003-12-05,,,0
32,15,METEOSAT 5 GEOS Rad.,Geostationary radiances,False,green,thick,green_thick,used in ERA5 but not in the reference system,visible_color_bar,1034,1035,328,1,8,2004.031614,2004.066556,0.034942,visible raster pixels only; hidden/covered bar portions cannot be reconstructed,1978,2020,9502,9515,2004,12,2004-D012,2004,25,2004-D025,14,GEOS,METEOSAT 5,GEOS|METEOSAT 5,True,False,False,9515,2004-D025,2004-01-25,,,0
33,15,METEOSAT 5 GEOS Rad.,Geostationary radiances,False,green,thick,green_thick,used in ERA5 but not in the reference system,visible_color_bar,1040,1104,328,64,13,2004.241265,2006.477537,2.236273,visible raster pixels only; hidden/covered bar portions cannot be reconstructed,1978,2020,9579,10395,2004,89,2004-D089,2006,175,2006-D175,817,GEOS,METEOSAT 5,GEOS|METEOSAT 5,True,False,False,10395,2006-D175,2006-06-24,,,0
34,15,METEOSAT 5 GEOS Rad.,Geostationary radiances,False,grey,thick,grey_thick,used in both ERA5 and the reference system,visible_color_bar,1104,1122,328,18,13,2006.477537,2007.106489,0.628952,visible raster pixels only; hidden/covered bar portions cannot be reconstructed,1978,2020,10395,10624,2006,175,2006-D175,2007,39,2007-D039,230,GEOS,METEOSAT 5,GEOS|METEOSAT 5,True,True,False,10624,2007-D039,2007-02-08,2006-D175,2007-D039,0
35,16,Himawari 8 GEOS Rad.,Geostationary radiances,False,grey,thick,grey_thick,used in both ERA5 and the reference system,visible_color_bar,1375,1482,347,107,13,2015.946755,2019.685524,3.738769,visible raster pixels only; hidden/covered bar portions cannot be reconstructed,1978,2020,13851,15216,2015,346,2015-D346,2019,251,2019-D251,1366,AHI,HIMAWARI 8,AHI|HIMAWARI 8,True,True,True,15216,2019-D251,2019-09-08,2015-D346,2019-D251,4
36,17,MTSAT-2 GEOS Rad.,Geostationary radiances,False,green,thick,green_thick,used in ERA5 but not in the reference system,visible_color_bar,1235,1259,367,24,13,2011.054908,2011.893511,0.838602,visible raster pixels only; hidden/covered bar portions cannot be reconstructed,1978,2020,12066,12372,2011,21,2011-D021,2011,327,2011-D327,307,IMAGER,MTSAT-2,IMAGER|MTSAT-2,True,False,False,12372,2011-D327,2011-11-23,,,0
37,17,MTSAT-2 GEOS Rad.,Geostationary radiances,False,green,thick,green_thick,used in ERA5 but not in the reference system,visible_color_bar,1263,1287,367,24,13,2012.033278,2012.87188,0.838602,visible raster pixels only; hidden/covered bar portions cannot be reconstructed,1978,2020,12423,12729,2012,13,2012-D013,2012,319,2012-D319,307,IMAGER,MTSAT-2,IMAGER|MTSAT-2,True,False,False,12729,2012-D319,2012-11-15,,,0
38,17,MTSAT-2 GEOS Rad.,Geostationary radiances,False,green,thick,green_thick,used in ERA5 but not in the reference system,visible_color_bar,1293,1314,367,21,13,2013.081531,2013.815308,0.733777,visible raster pixels only; hidden/covered bar portions cannot be reconstructed,1978,2020,12805,13073,2013,30,2013-D030,2013,298,2013-D298,269,IMAGER,MTSAT-2,IMAGER|MTSAT-2,True,False,False,13073,2013-D298,2013-10-25,,,0
39,17,MTSAT-2 GEOS Rad.,Geostationary radiances,False,green,thick,green_thick,used in ERA5 but not in the reference system,visible_color_bar,1320,1344,367,24,13,2014.024958,2014.863561,0.838602,visible raster pixels only; hidden/covered bar portions cannot be reconstructed,1978,2020,13150,13456,2014,10,2014-D010,2014,316,2014-D316,307,IMAGER,MTSAT-2,IMAGER|MTSAT-2,True,False,False,13456,2014-D316,2014-11-12,,,0
40,17,MTSAT-2 GEOS Rad.,Geostationary radiances,False,green,thick,green_thick,used in ERA5 but not in the reference system,visible_color_bar,1348,1377,367,29,13,2015.003328,2016.016639,1.013311,visible raster pixels only; hidden/covered bar portions cannot be reconstructed,1978,2020,13507,13877,2015,2,2015-D002,2016,7,2016-D007,371,IMAGER,MTSAT-2,IMAGER|MTSAT-2,True,False,False,13877,2016-D007,2016-01-07,,,0
41,18,MTSAT-1R GEOS Rad.,Geostationary radiances,False,green,thick,green_thick,used in ERA5 but not in the reference system,visible_color_bar,1181,1182,386,1,11,2009.168053,2009.202995,0.034942,visible raster pixels only; hidden/covered bar portions cannot be reconstructed,1978,2020,11377,11390,2009,62,2009-D062,2009,75,2009-D075,14,IMAGER,MTSAT-1R,IMAGER|MTSAT-1R,True,False,False,11390,2009-D075,2009-03-16,,,0
42,18,MTSAT-1R GEOS Rad.,Geostationary radiances,False,green,thick,green_thick,used in ERA5 but not in the reference system,visible_color_bar,1285,1290,386,5,13,2012.801997,2012.976705,0.174709,visible raster pixels only; hidden/covered bar portions cannot be reconstructed,1978,2020,12703,12767,2012,293,2012-D293,2012,357,2012-D357,65,IMAGER,MTSAT-1R,IMAGER|MTSAT-1R,True,False,False,12767,2012-D357,2012-12-23,,,0
43,18,MTSAT-1R GEOS Rad.,Geostationary radiances,False,green,thick,green_thick,used in ERA5 but not in the reference system,visible_color_bar,1313,1319,386,6,13,2013.780366,2013.990017,0.209651,visible raster pixels only; hidden/covered bar portions cannot be reconstructed,1978,2020,13060,13137,2013,285,2013-D285,2013,362,2013-D362,78,IMAGER,MTSAT-1R,IMAGER|MTSAT-1R,True,False,False,13137,2013-D362,2013-12-28,,,0
44,18,MTSAT-1R GEOS Rad.,Geostationary radiances,False,red,thick,red_thick,assimilated in the reference system but not in ERA5,visible_color_bar,1228,1231,386,3,13,2010.810316,2010.915141,0.104825,visible raster pixels only; hidden/covered bar portions cannot be reconstructed,1978,2020,11976,12015,2010,296,2010-D296,2010,335,2010-D335,40,IMAGER,MTSAT-1R,IMAGER|MTSAT-1R,False,True,False,12015,2010-D335,2010-12-01,2010-D296,2010-D335,0
45,18,MTSAT-1R GEOS Rad.,Geostationary radiances,False,red,thick,red_thick,assimilated in the reference system but not in ERA5,visible_color_bar,1257,1260,386,3,11,2011.823627,2011.928453,0.104825,visible raster pixels only; hidden/covered bar portions cannot be reconstructed,1978,2020,12346,12384,2011,301,2011-D301,2011,339,2011-D339,39,IMAGER,MTSAT-1R,IMAGER|MTSAT-1R,False,True,False,12384,2011-D339,2011-12-05,2011-D301,2011-D339,0
46,18,MTSAT-1R GEOS Rad.,Geostationary radiances,False,grey,thick,grey_thick,used in both ERA5 and the reference system,visible_color_bar,1145,1223,386,78,13,2007.91015,2010.635607,2.725458,visible raster pixels only; hidden/covered bar portions cannot be reconstructed,1978,2020,10918,11912,2007,333,2007-D333,2010,232,2010-D232,995,IMAGER,MTSAT-1R,IMAGER|MTSAT-1R,True,True,False,11912,2010-D232,2010-08-20,2007-D333,2010-D232,0
47,19,NOAA-20 CRIS Rad.,Hyperspectral infrared,True,grey,thick,grey_thick,used in both ERA5 and the reference system,visible_color_bar,1453,1482,463,29,13,2018.672213,2019.685524,1.013311,visible raster pixels only; hidden/covered bar portions cannot be reconstructed,1978,2020,14846,15216,2018,246,2018-D246,2019,251,2019-D251,371,CRIS,NOAA 20,CRIS|NOAA 20,True,True,True,15216,2019-D251,2019-09-08,2018-D246,2019-D251,1
48,20,METOP-B IASI Rad.,Hyperspectral infrared,True,green,thick,green_thick,used in ERA5 but not in the reference system,visible_color_bar,1321,1378,482,57,13,2014.0599,2016.051581,1.991681,visible raster pixels only; hidden/covered bar portions cannot be reconstructed,1978,2020,13162,13889,2014,22,2014-D022,2016,19,2016-D019,728,IASI,METOP-B,IASI|METOP-B,True,False,False,13889,2016-D019,2016-01-19,,,0
49,20,METOP-B IASI Rad.,Hyperspectral infrared,True,grey,thick,grey_thick,used in both ERA5 and the reference system,visible_color_bar,1378,1482,482,104,13,2016.051581,2019.685524,3.633943,visible raster pixels only; hidden/covered bar portions cannot be reconstructed,1978,2020,13889,15216,2016,19,2016-D019,2019,251,2019-D251,1328,IASI,METOP-B,IASI|METOP-B,True,True,True,15216,2019-D251,2019-09-08,2016-D019,2019-D251,1
50,21,NPP CRIS Rad.,Hyperspectral infrared,True,green,thick,green_thick,used in ERA5 but not in the reference system,visible_color_bar,1349,1377,501,28,13,2015.03827,2016.016639,0.978369,visible raster pixels only; hidden/covered bar portions cannot be reconstructed,1978,2020,13519,13877,2015,14,2015-D014,2016,7,2016-D007,359,CRIS,NPP,CRIS|NPP,True,False,False,13877,2016-D007,2016-01-07,,,0
51,21,NPP CRIS Rad.,Hyperspectral infrared,True,grey,thick,grey_thick,used in both ERA5 and the reference system,visible_color_bar,1378,1476,501,98,13,2016.051581,2019.475874,3.424293,visible raster pixels only; hidden/covered bar portions cannot be reconstructed,1978,2020,13889,15139,2016,19,2016-D019,2019,174,2019-D174,1251,CRIS,NPP,CRIS|NPP,True,True,False,15139,2019-D174,2019-06-23,2016-D019,2019-D174,0
52,22,AQUA AIRS Rad.,Hyperspectral infrared,True,green,thick,green_thick,used in ERA5 but not in the reference system,visible_color_bar,999,1013,521,14,13,2002.808652,2003.297837,0.489185,visible raster pixels only; hidden/covered bar portions cannot be reconstructed,1978,2020,9056,9234,2002,296,2002-D296,2003,109,2003-D109,179,AIRS,AQUA,AIRS|AQUA,True,False,False,9234,2003-D109,2003-04-19,,,0
53,22,AQUA AIRS Rad.,Hyperspectral infrared,True,red,thick,red_thick,assimilated in the reference system but not in ERA5,visible_color_bar,1022,1024,521,2,12,2003.612313,2003.682196,0.069884,visible raster pixels only; hidden/covered bar portions cannot be reconstructed,1978,2020,9349,9375,2003,224,2003-D224,2003,250,2003-D250,27,AIRS,AQUA,AIRS|AQUA,False,True,False,9375,2003-D250,2003-09-07,2003-D224,2003-D250,0
54,22,AQUA AIRS Rad.,Hyperspectral infrared,True,red,thin,red_thin,assimilated in the reference system but not in ERA5,visible_color_bar,1042,1043,521,1,2,2004.311148,2004.34609,0.034942,visible raster pixels only; hidden/covered bar portions cannot be reconstructed,1978,2020,9604,9617,2004,114,2004-D114,2004,127,2004-D127,14,AIRS,AQUA,AIRS|AQUA,False,True,False,9617,2004-D127,2004-05-07,2004-D114,2004-D127,0
55,22,AQUA AIRS Rad.,Hyperspectral infrared,True,red,thick,red_thick,assimilated in the reference system but not in ERA5,visible_color_bar,1079,1083,521,4,13,2005.603993,2005.74376,0.139767,visible raster pixels only; hidden/covered bar portions cannot be reconstructed,1978,2020,10076,10127,2005,221,2005-D221,2005,272,2005-D272,52,AIRS,AQUA,AIRS|AQUA,False,True,False,10127,2005-D272,2005-09-29,2005-D221,2005-D272,0
56,22,AQUA AIRS Rad.,Hyperspectral infrared,True,red,thick,red_thick,assimilated in the reference system but not in ERA5,visible_color_bar,1205,1210,521,5,13,2010.006656,2010.181364,0.174709,visible raster pixels only; hidden/covered bar portions cannot be reconstructed,1978,2020,11683,11747,2010,3,2010-D003,2010,67,2010-D067,65,AIRS,AQUA,AIRS|AQUA,False,True,False,11747,2010-D067,2010-03-08,2010-D003,2010-D067,0
57,22,AQUA AIRS Rad.,Hyperspectral infrared,True,grey,thick,grey_thick,used in both ERA5 and the reference system,visible_color_bar,1013,1079,521,66,13,2003.297837,2005.603993,2.306156,visible raster pixels only; hidden/covered bar portions cannot be reconstructed,1978,2020,9234,10076,2003,109,2003-D109,2005,221,2005-D221,843,AIRS,AQUA,AIRS|AQUA,True,True,False,10076,2005-D221,2005-08-09,2003-D109,2005-D221,0
58,22,AQUA AIRS Rad.,Hyperspectral infrared,True,grey,thick,grey_thick,used in both ERA5 and the reference system,visible_color_bar,1082,1204,521,122,13,2005.708819,2009.971714,4.262895,visible raster pixels only; hidden/covered bar portions cannot be reconstructed,1978,2020,10114,11670,2005,259,2005-D259,2009,355,2009-D355,1557,AIRS,AQUA,AIRS|AQUA,True,True,False,11670,2009-D355,2009-12-21,2005-D259,2009-D355,0
59,22,AQUA AIRS Rad.,Hyperspectral infrared,True,grey,thick,grey_thick,used in both ERA5 and the reference system,visible_color_bar,1210,1375,521,165,13,2010.181364,2015.946755,5.765391,visible raster pixels only; hidden/covered bar portions cannot be reconstructed,1978,2020,11747,13851,2010,67,2010-D067,2015,346,2015-D346,2105,AIRS,AQUA,AIRS|AQUA,True,True,False,13851,2015-D346,2015-12-12,2010-D067,2015-D346,0
60,22,AQUA AIRS Rad.,Hyperspectral infrared,True,grey,thick,grey_thick,used in both ERA5 and the reference system,visible_color_bar,1378,1482,521,104,13,2016.051581,2019.685524,3.633943,visible raster pixels only; hidden/covered bar portions cannot be reconstructed,1978,2020,13889,15216,2016,19,2016-D019,2019,251,2019-D251,1328,AIRS,AQUA,AIRS|AQUA,True,True,True,15216,2019-D251,2019-09-08,2016-D019,2019-D251,1
61,23,METOP-A IASI Rad.,Hyperspectral infrared,True,green,thick,green_thick,used in ERA5 but not in the reference system,visible_color_bar,1124,1377,540,253,13,2007.176373,2016.016639,8.840266,visible raster pixels only; hidden/covered bar portions cannot be reconstructed,1978,2020,10650,13877,2007,65,2007-D065,2016,7,2016-D007,3228,IASI,METOP-A,IASI|METOP-A,True,False,False,13877,2016-D007,2016-01-07,,,0
62,23,METOP-A IASI Rad.,Hyperspectral infrared,True,grey,thick,grey_thick,used in both ERA5 and the reference system,visible_color_bar,1376,1482,540,106,13,2015.981697,2019.685524,3.703827,visible raster pixels only; hidden/covered bar portions cannot be reconstructed,1978,2020,13864,15216,2015,359,2015-D359,2019,251,2019-D251,1353,IASI,METOP-A,IASI|METOP-A,True,True,True,15216,2019-D251,2019-09-08,2015-D359,2019-D251,1
63,24,NOAA 14 SSU TOVS1B Rad,Multispectral infrared,True,red,thick,red_thick,assimilated in the reference system but not in ERA5,visible_color_bar,1034,1041,617,7,13,2004.031614,2004.276206,0.244592,visible raster pixels only; hidden/covered bar portions cannot be reconstructed,1978,2020,9502,9591,2004,12,2004-D012,2004,101,2004-D101,90,SSU,NOAA 14,SSU|NOAA 14,False,True,False,9591,2004-D101,2004-04-11,2004-D012,2004-D101,0
64,24,NOAA 14 SSU TOVS1B Rad,Multispectral infrared,True,red,thick,red_thick,assimilated in the reference system but not in ERA5,visible_color_bar,1046,1049,617,3,11,2004.450915,2004.55574,0.104825,visible raster pixels only; hidden/covered bar portions cannot be reconstructed,1978,2020,9655,9693,2004,165,2004-D165,2004,203,2004-D203,39,SSU,NOAA 14,SSU|NOAA 14,False,True,False,9693,2004-D203,2004-07-22,2004-D165,2004-D203,0
65,24,NOAA 14 SSU TOVS1B Rad,Multispectral infrared,True,red,thick,red_thick,assimilated in the reference system but not in ERA5,visible_color_bar,1054,1058,617,4,12,2004.730449,2004.870216,0.139767,visible raster pixels only; hidden/covered bar portions cannot be reconstructed,1978,2020,9757,9808,2004,267,2004-D267,2004,318,2004-D318,52,SSU,NOAA 14,SSU|NOAA 14,False,True,False,9808,2004-D318,2004-11-14,2004-D267,2004-D318,0
66,24,NOAA 14 SSU TOVS1B Rad,Multispectral infrared,True,red,thick,red_thick,assimilated in the reference system but not in ERA5,visible_color_bar,1062,1067,617,5,13,2005.009983,2005.184692,0.174709,visible raster pixels only; hidden/covered bar portions cannot be reconstructed,1978,2020,9859,9923,2005,4,2005-D004,2005,68,2005-D068,65,SSU,NOAA 14,SSU|NOAA 14,False,True,False,9923,2005-D068,2005-03-09,2005-D004,2005-D068,0
67,24,NOAA 14 SSU TOVS1B Rad,Multispectral infrared,True,red,thick,red_thick,assimilated in the reference system but not in ERA5,visible_color_bar,1071,1100,617,29,13,2005.324459,2006.33777,1.013311,visible raster pixels only; hidden/covered bar portions cannot be reconstructed,1978,2020,9974,10344,2005,119,2005-D119,2006,124,2006-D124,371,SSU,NOAA 14,SSU|NOAA 14,False,True,False,10344,2006-D124,2006-05-04,2005-D119,2006-D124,0
68,24,NOAA 14 SSU TOVS1B Rad,Multispectral infrared,True,grey,thick,grey_thick,used in both ERA5 and the reference system,visible_color_bar,776,1035,617,259,13,1995.016639,2004.066556,9.049917,visible raster pixels only; hidden/covered bar portions cannot be reconstructed,1978,2020,6212,9515,1995,7,1995-D007,2004,25,2004-D025,3304,SSU,NOAA 14,SSU|NOAA 14,True,True,False,9515,2004-D025,2004-01-25,1995-D007,2004-D025,0
69,24,NOAA 14 SSU TOVS1B Rad,Multispectral infrared,True,grey,thick,grey_thick,used in both ERA5 and the reference system,visible_color_bar,1041,1054,617,13,13,2004.276206,2004.730449,0.454243,visible raster pixels only; hidden/covered bar portions cannot be reconstructed,1978,2020,9591,9757,2004,101,2004-D101,2004,267,2004-D267,167,SSU,NOAA 14,SSU|NOAA 14,True,True,False,9757,2004-D267,2004-09-24,2004-D101,2004-D267,0
70,24,NOAA 14 SSU TOVS1B Rad,Multispectral infrared,True,grey,thick,grey_thick,used in both ERA5 and the reference system,visible_color_bar,1057,1062,617,5,13,2004.835275,2005.009983,0.174709,visible raster pixels only; hidden/covered bar portions cannot be reconstructed,1978,2020,9795,9859,2004,305,2004-D305,2005,4,2005-D004,65,SSU,NOAA 14,SSU|NOAA 14,True,True,False,9859,2005-D004,2005-01-04,2004-D305,2005-D004,0
71,24,NOAA 14 SSU TOVS1B Rad,Multispectral infrared,True,grey,thick,grey_thick,used in both ERA5 and the reference system,visible_color_bar,1066,1071,617,5,13,2005.14975,2005.324459,0.174709,visible raster pixels only; hidden/covered bar portions cannot be reconstructed,1978,2020,9910,9974,2005,55,2005-D055,2005,119,2005-D119,65,SSU,NOAA 14,SSU|NOAA 14,True,True,False,9974,2005-D119,2005-04-29,2005-D055,2005-D119,0
72,25,NOAA 11 SSU TOVS1B Rad,Multispectral infrared,True,grey,thick,grey_thick,used in both ERA5 and the reference system,visible_color_bar,597,776,637,179,13,1988.762063,1995.016639,6.254576,visible raster pixels only; hidden/covered bar portions cannot be reconstructed,1978,2020,3929,6212,1988,279,1988-D279,1995,7,1995-D007,2284,SSU,NOAA 11,SSU|NOAA 11,True,True,False,6212,1995-D007,1995-01-07,1988-D279,1995-D007,0
73,25,NOAA 11 SSU TOVS1B Rad,Multispectral infrared,True,grey,thick,grey_thick,used in both ERA5 and the reference system,visible_color_bar,848,1005,637,157,13,1997.532446,2003.018303,5.485857,visible raster pixels only; hidden/covered bar portions cannot be reconstructed,1978,2020,7130,9132,1997,195,1997-D195,2003,7,2003-D007,2003,SSU,NOAA 11,SSU|NOAA 11,True,True,False,9132,2003-D007,2003-01-07,1997-D195,2003-D007,0
74,25,NOAA 11 SSU TOVS1B Rad,Multispectral infrared,True,grey,thick,grey_thick,used in both ERA5 and the reference system,visible_color_bar,1375,1379,637,4,5,2015.946755,2016.086522,0.139767,visible raster pixels only; hidden/covered bar portions cannot be reconstructed,1978,2020,13851,13902,2015,346,2015-D346,2016,32,2016-D032,52,SSU,NOAA 11,SSU|NOAA 11,True,True,False,13902,2016-D032,2016-02-01,2015-D346,2016-D032,0
75,26,NOAA 9 SSU TOVS1B Rad,Multispectral infrared,True,grey,thick,grey_thick,used in both ERA5 and the reference system,visible_color_bar,489,601,656,112,13,1984.988353,1988.90183,3.913478,visible raster pixels only; hidden/covered bar portions cannot be reconstructed,1978,2020,2551,3980,1984,361,1984-D361,1988,330,1988-D330,1430,SSU,NOAA 9,SSU|NOAA 9,True,True,False,3980,1988-D330,1988-11-26,1984-D361,1988-D330,0
76,27,NOAA 8 SSU TOVS1B Rad,Multispectral infrared,True,red,thick,red_thick,assimilated in the reference system but not in ERA5,visible_color_bar,443,445,675,2,13,1983.381032,1983.450915,0.069884,visible raster pixels only; hidden/covered bar portions cannot be reconstructed,1978,2020,1965,1990,1983,140,1983-D140,1983,165,1983-D165,26,SSU,NOAA 8,SSU|NOAA 8,False,True,False,1990,1983-D165,1983-06-14,1983-D140,1983-D165,0
77,27,NOAA 8 SSU TOVS1B Rad,Multispectral infrared,True,red,thick,red_thick,assimilated in the reference system but not in ERA5,visible_color_bar,504,513,675,9,13,1985.512479,1985.826955,0.314476,visible raster pixels only; hidden/covered bar portions cannot be reconstructed,1978,2020,2743,2857,1985,188,1985-D188,1985,302,1985-D302,115,SSU,NOAA 8,SSU|NOAA 8,False,True,False,2857,1985-D302,1985-10-29,1985-D188,1985-D302,0
78,27,NOAA 8 SSU TOVS1B Rad,Multispectral infrared,True,grey,thick,grey_thick,used in both ERA5 and the reference system,visible_color_bar,445,474,675,29,13,1983.450915,1984.464226,1.013311,visible raster pixels only; hidden/covered bar portions cannot be reconstructed,1978,2020,1990,2360,1983,165,1983-D165,1984,170,1984-D170,371,SSU,NOAA 8,SSU|NOAA 8,True,True,False,2360,1984-D170,1984-06-19,1983-D165,1984-D170,0
79,28,NOAA 7 SSU TOVS1B Rad,Multispectral infrared,True,grey,thick,grey_thick,used in both ERA5 and the reference system,visible_color_bar,389,494,694,105,13,1981.494176,1985.163062,3.668885,visible raster pixels only; hidden/covered bar portions cannot be reconstructed,1978,2020,1276,2615,1981,181,1981-D181,1985,60,1985-D060,1340,SSU,NOAA 7,SSU|NOAA 7,True,True,False,2615,1985-D060,1985-03-01,1981-D181,1985-D060,0
80,29,NOAA 6 SSU TOVS1B Rad,Multispectral infrared,True,grey,thick,grey_thick,used in both ERA5 and the reference system,visible_color_bar,332,442,714,110,13,1979.502496,1983.34609,3.843594,visible raster pixels only; hidden/covered bar portions cannot be reconstructed,1978,2020,549,1952,1979,184,1979-D184,1983,127,1983-D127,1404,SSU,NOAA 6,SSU|NOAA 6,True,True,False,1952,1983-D127,1983-05-07,1979-D184,1983-D127,0
81,29,NOAA 6 SSU TOVS1B Rad,Multispectral infrared,True,grey,thick,grey_thick,used in both ERA5 and the reference system,visible_color_bar,514,543,714,29,13,1985.861897,1986.875208,1.013311,visible raster pixels only; hidden/covered bar portions cannot be reconstructed,1978,2020,2870,3240,1985,315,1985-D315,1986,320,1986-D320,371,SSU,NOAA 6,SSU|NOAA 6,True,True,False,3240,1986-D320,1986-11-16,1985-D315,1986-D320,0
82,30,TIROS-N SSU TOVS1B Rad,Multispectral infrared,True,green,thick,green_thick,used in ERA5 but not in the reference system,visible_color_bar,371,374,733,3,8,1980.865225,1980.97005,0.104825,visible raster pixels only; hidden/covered bar portions cannot be reconstructed,1978,2020,1046,1085,1980,316,1980-D316,1980,355,1980-D355,40,SSU,TIROS-N,SSU|TIROS-N,True,False,False,1085,1980-D355,1980-12-21,,,0
83,30,TIROS-N SSU TOVS1B Rad,Multispectral infrared,True,red,thin,red_thin,assimilated in the reference system but not in ERA5,visible_color_bar,359,361,733,2,4,1980.445923,1980.515807,0.069884,visible raster pixels only; hidden/covered bar portions cannot be reconstructed,1978,2020,893,919,1980,163,1980-D163,1980,189,1980-D189,27,SSU,TIROS-N,SSU|TIROS-N,False,True,False,919,1980-D189,1980-07-08,1980-D163,1980-D189,0
84,30,TIROS-N SSU TOVS1B Rad,Multispectral infrared,True,grey,thick,grey_thick,used in both ERA5 and the reference system,visible_color_bar,318,381,733,63,13,1979.013311,1981.214642,2.201331,visible raster pixels only; hidden/covered bar portions cannot be reconstructed,1978,2020,370,1174,1979,5,1979-D005,1981,79,1981-D079,805,SSU,TIROS-N,SSU|TIROS-N,True,True,False,1174,1981-D079,1981-03-20,1979-D005,1981-D079,0
85,30,TIROS-N SSU TOVS1B Rad,Multispectral infrared,True,grey,thin,grey_thin,used in both ERA5 and the reference system,visible_color_bar,1375,1379,733,4,4,2015.946755,2016.086522,0.139767,visible raster pixels only; hidden/covered bar portions cannot be reconstructed,1978,2020,13851,13902,2015,346,2015-D346,2016,32,2016-D032,52,SSU,TIROS-N,SSU|TIROS-N,True,True,False,13902,2016-D032,2016-02-01,2015-D346,2016-D032,0
86,31,METOP-B HIRS Rad,Multispectral infrared,False,green,thick,green_thick,used in ERA5 but not in the reference system,visible_color_bar,1350,1362,752,12,13,2015.073211,2015.492512,0.419301,visible raster pixels only; hidden/covered bar portions cannot be reconstructed,1978,2020,13532,13685,2015,27,2015-D027,2015,180,2015-D180,154,HIRS,METOP-B,HIRS|METOP-B,True,False,False,13685,2015-D180,2015-06-29,,,0
87,32,NOAA 19 HIRS Rad,Multispectral infrared,False,red,thick,red_thick,assimilated in the reference system but not in ERA5,visible_color_bar,1272,1273,771,1,6,2012.347754,2012.382696,0.034942,visible raster pixels only; hidden/covered bar portions cannot be reconstructed,1978,2020,12537,12550,2012,127,2012-D127,2012,140,2012-D140,14,HIRS,NOAA 19,HIRS|NOAA 19,False,True,False,12550,2012-D140,2012-05-20,2012-D127,2012-D140,0
88,32,NOAA 19 HIRS Rad,Multispectral infrared,False,red,thick,red_thick,assimilated in the reference system but not in ERA5,visible_color_bar,1303,1308,771,5,13,2013.430948,2013.605657,0.174709,visible raster pixels only; hidden/covered bar portions cannot be reconstructed,1978,2020,12933,12997,2013,158,2013-D158,2013,222,2013-D222,65,HIRS,NOAA 19,HIRS|NOAA 19,False,True,False,12997,2013-D222,2013-08-10,2013-D158,2013-D222,0
89,32,NOAA 19 HIRS Rad,Multispectral infrared,False,grey,thick,grey_thick,used in both ERA5 and the reference system,visible_color_bar,1188,1303,771,115,13,2009.412646,2013.430948,4.018303,visible raster pixels only; hidden/covered bar portions cannot be reconstructed,1978,2020,11466,12933,2009,151,2009-D151,2013,158,2013-D158,1468,HIRS,NOAA 19,HIRS|NOAA 19,True,True,False,12933,2013-D158,2013-06-07,2009-D151,2013-D158,0
90,33,METOP-A HIRS Rad,Multispectral infrared,False,red,thick,red_thick,assimilated in the reference system but not in ERA5,visible_color_bar,1120,1127,790,7,13,2007.036606,2007.281198,0.244592,visible raster pixels only; hidden/covered bar portions cannot be reconstructed,1978,2020,10599,10688,2007,14,2007-D014,2007,103,2007-D103,90,HIRS,METOP-A,HIRS|METOP-A,False,True,False,10688,2007-D103,2007-04-13,2007-D014,2007-D103,0
91,33,METOP-A HIRS Rad,Multispectral infrared,False,red,thick,red_thick,assimilated in the reference system but not in ERA5,visible_color_bar,1373,1377,790,4,11,2015.876872,2016.016639,0.139767,visible raster pixels only; hidden/covered bar portions cannot be reconstructed,1978,2020,13826,13877,2015,321,2015-D321,2016,7,2016-D007,52,HIRS,METOP-A,HIRS|METOP-A,False,True,False,13877,2016-D007,2016-01-07,2015-D321,2016-D007,0
92,33,METOP-A HIRS Rad,Multispectral infrared,False,grey,thick,grey_thick,used in both ERA5 and the reference system,visible_color_bar,1127,1374,790,247,13,2007.281198,2015.911814,8.630616,visible raster pixels only; hidden/covered bar portions cannot be reconstructed,1978,2020,10688,13838,2007,103,2007-D103,2015,333,2015-D333,3151,HIRS,METOP-A,HIRS|METOP-A,True,True,False,13838,2015-D333,2015-11-29,2007-D103,2015-D333,0
93,33,METOP-A HIRS Rad,Multispectral infrared,False,grey,thick,grey_thick,used in both ERA5 and the reference system,visible_color_bar,1378,1383,790,5,13,2016.051581,2016.22629,0.174709,visible raster pixels only; hidden/covered bar portions cannot be reconstructed,1978,2020,13889,13953,2016,19,2016-D019,2016,83,2016-D083,65,HIRS,METOP-A,HIRS|METOP-A,True,True,False,13953,2016-D083,2016-03-24,2016-D019,2016-D083,0
94,34,NOAA 18 HIRS Rad,Multispectral infrared,False,red,thick,red_thick,assimilated in the reference system but not in ERA5,visible_color_bar,1077,1183,810,106,13,2005.53411,2009.237937,3.703827,visible raster pixels only; hidden/covered bar portions cannot be reconstructed,1978,2020,10050,11402,2005,195,2005-D195,2009,87,2009-D087,1353,HIRS,NOAA 18,HIRS|NOAA 18,False,True,False,11402,2009-D087,2009-03-28,2005-D195,2009-D087,0
95,35,NOAA 17 HIRS Rad,Multispectral infrared,False,grey,thick,grey_thick,used in both ERA5 and the reference system,visible_color_bar,992,1260,829,268,13,2002.56406,2011.928453,9.364393,visible raster pixels only; hidden/covered bar portions cannot be reconstructed,1978,2020,8966,12384,2002,206,2002-D206,2011,339,2011-D339,3419,HIRS,NOAA 17,HIRS|NOAA 17,True,True,False,12384,2011-D339,2011-12-05,2002-D206,2011-D339,0
96,36,NOAA 16 HIRS Rad,Multispectral infrared,False,red,thick,red_thick,assimilated in the reference system but not in ERA5,visible_color_bar,942,1045,849,103,13,2000.816972,2004.415973,3.599002,visible raster pixels only; hidden/covered bar portions cannot be reconstructed,1978,2020,8329,9642,2000,299,2000-D299,2004,152,2004-D152,1314,HIRS,NOAA 16,HIRS|NOAA 16,False,True,False,9642,2004-D152,2004-06-01,2000-D299,2004-D152,0
97,37,NOAA 15 HIRS Rad,Multispectral infrared,False,grey,thick,grey_thick,used in both ERA5 and the reference system,visible_color_bar,878,932,867,54,13,1998.580699,2000.467554,1.886855,visible raster pixels only; hidden/covered bar portions cannot be reconstructed,1978,2020,7512,8201,1998,212,1998-D212,2000,171,2000-D171,690,HIRS,NOAA 15,HIRS|NOAA 15,True,True,False,8201,2000-D171,2000-06-20,1998-D212,2000-D171,0
98,38,NOAA 14 HIRS Rad,Multispectral infrared,False,red,thick,red_thick,assimilated in the reference system but not in ERA5,visible_color_bar,1035,1042,886,7,13,2004.066556,2004.311148,0.244592,visible raster pixels only; hidden/covered bar portions cannot be reconstructed,1978,2020,9515,9604,2004,25,2004-D025,2004,114,2004-D114,90,HIRS,NOAA 14,HIRS|NOAA 14,False,True,False,9604,2004-D114,2004-04-24,2004-D025,2004-D114,0
99,38,NOAA 14 HIRS Rad,Multispectral infrared,False,red,thick,red_thick,assimilated in the reference system but not in ERA5,visible_color_bar,1046,1047,886,1,6,2004.450915,2004.485857,0.034942,visible raster pixels only; hidden/covered bar portions cannot be reconstructed,1978,2020,9655,9668,2004,165,2004-D165,2004,178,2004-D178,14,HIRS,NOAA 14,HIRS|NOAA 14,False,True,False,9668,2004-D178,2004-06-27,2004-D165,2004-D178,0
100,38,NOAA 14 HIRS Rad,Multispectral infrared,False,red,thick,red_thick,assimilated in the reference system but not in ERA5,visible_color_bar,1054,1058,886,4,13,2004.730449,2004.870216,0.139767,visible raster pixels only; hidden/covered bar portions cannot be reconstructed,1978,2020,9757,9808,2004,267,2004-D267,2004,318,2004-D318,52,HIRS,NOAA 14,HIRS|NOAA 14,False,True,False,9808,2004-D318,2004-11-14,2004-D267,2004-D318,0
101,38,NOAA 14 HIRS Rad,Multispectral infrared,False,grey,thick,grey_thick,used in both ERA5 and the reference system,visible_color_bar,784,1036,886,252,13,1995.296173,2004.101498,8.805324,visible raster pixels only; hidden/covered bar portions cannot be reconstructed,1978,2020,6314,9528,1995,109,1995-D109,2004,38,2004-D038,3215,HIRS,NOAA 14,HIRS|NOAA 14,True,True,False,9528,2004-D038,2004-02-07,1995-D109,2004-D038,0
102,38,NOAA 14 HIRS Rad,Multispectral infrared,False,grey,thick,grey_thick,used in both ERA5 and the reference system,visible_color_bar,1041,1062,886,21,13,2004.276206,2005.009983,0.733777,visible raster pixels only; hidden/covered bar portions cannot be reconstructed,1978,2020,9591,9859,2004,101,2004-D101,2005,4,2005-D004,269,HIRS,NOAA 14,HIRS|NOAA 14,True,True,False,9859,2005-D004,2005-01-04,2004-D101,2005-D004,0
103,39,NOAA 12 HIRS Rad,Multispectral infrared,False,red,thick,red_thick,assimilated in the reference system but not in ERA5,visible_color_bar,676,678,906,2,13,1991.522463,1991.592346,0.069884,visible raster pixels only; hidden/covered bar portions cannot be reconstructed,1978,2020,4936,4962,1991,191,1991-D191,1991,217,1991-D217,27,HIRS,NOAA 12,HIRS|NOAA 12,False,True,False,4962,1991-D217,1991-08-05,1991-D191,1991-D217,0
104,39,NOAA 12 HIRS Rad,Multispectral infrared,False,grey,thick,grey_thick,used in both ERA5 and the reference system,visible_color_bar,678,845,906,167,13,1991.592346,1997.427621,5.835275,visible raster pixels only; hidden/covered bar portions cannot be reconstructed,1978,2020,4962,7092,1991,217,1991-D217,1997,157,1997-D157,2131,HIRS,NOAA 12,HIRS|NOAA 12,True,True,False,7092,1997-D157,1997-06-06,1991-D217,1997-D157,0
105,40,NOAA 11 HIRS Rad,Multispectral infrared,False,grey,thick,grey_thick,used in both ERA5 and the reference system,visible_color_bar,598,776,925,178,13,1988.797005,1995.016639,6.219634,visible raster pixels only; hidden/covered bar portions cannot be reconstructed,1978,2020,3941,6212,1988,291,1988-D291,1995,7,1995-D007,2272,HIRS,NOAA 11,HIRS|NOAA 11,True,True,False,6212,1995-D007,1995-01-07,1988-D291,1995-D007,0
106,40,NOAA 11 HIRS Rad,Multispectral infrared,False,grey,thick,grey_thick,used in both ERA5 and the reference system,visible_color_bar,848,927,925,79,13,1997.532446,2000.292845,2.760399,visible raster pixels only; hidden/covered bar portions cannot be reconstructed,1978,2020,7130,8137,1997,195,1997-D195,2000,107,2000-D107,1008,HIRS,NOAA 11,HIRS|NOAA 11,True,True,False,8137,2000-D107,2000-04-17,1997-D195,2000-D107,0
107,41,NOAA 10 HIRS Rad,Multispectral infrared,False,grey,thick,grey_thick,used in both ERA5 and the reference system,visible_color_bar,544,682,944,138,13,1986.91015,1991.732113,4.821963,visible raster pixels only; hidden/covered bar portions cannot be reconstructed,1978,2020,3253,5013,1986,333,1986-D333,1991,268,1991-D268,1761,HIRS,NOAA 10,HIRS|NOAA 10,True,True,False,5013,1991-D268,1991-09-25,1986-D333,1991-D268,0
108,42,NOAA 9 HIRS Rad,Multispectral infrared,False,grey,thick,grey_thick,used in both ERA5 and the reference system,visible_color_bar,490,601,964,111,13,1985.023295,1988.90183,3.878536,visible raster pixels only; hidden/covered bar portions cannot be reconstructed,1978,2020,2564,3980,1985,9,1985-D009,1988,330,1988-D330,1417,HIRS,NOAA 9,HIRS|NOAA 9,True,True,False,3980,1988-D330,1988-11-26,1985-D009,1988-D330,0
109,43,NOAA 8 HIRS Rad,Multispectral infrared,False,red,thick,red_thick,assimilated in the reference system but not in ERA5,visible_color_bar,442,445,983,3,13,1983.34609,1983.450915,0.104825,visible raster pixels only; hidden/covered bar portions cannot be reconstructed,1978,2020,1952,1990,1983,127,1983-D127,1983,165,1983-D165,39,HIRS,NOAA 8,HIRS|NOAA 8,False,True,False,1990,1983-D165,1983-06-14,1983-D127,1983-D165,0
110,43,NOAA 8 HIRS Rad,Multispectral infrared,False,grey,thick,grey_thick,used in both ERA5 and the reference system,visible_color_bar,444,474,983,30,13,1983.415973,1984.464226,1.048253,visible raster pixels only; hidden/covered bar portions cannot be reconstructed,1978,2020,1977,2360,1983,152,1983-D152,1984,170,1984-D170,384,HIRS,NOAA 8,HIRS|NOAA 8,True,True,False,2360,1984-D170,1984-06-19,1983-D152,1984-D170,0
111,44,NOAA 7 HIRS Rad,Multispectral infrared,False,grey,thick,grey_thick,used in both ERA5 and the reference system,visible_color_bar,391,493,1002,102,13,1981.56406,1985.12812,3.56406,visible raster pixels only; hidden/covered bar portions cannot be reconstructed,1978,2020,1301,2602,1981,206,1981-D206,1985,47,1985-D047,1302,HIRS,NOAA 7,HIRS|NOAA 7,True,True,False,2602,1985-D047,1985-02-16,1981-D206,1985-D047,0
112,45,NOAA 6 HIRS Rad,Multispectral infrared,False,grey,thick,grey_thick,used in both ERA5 and the reference system,visible_color_bar,333,442,1021,109,13,1979.537438,1983.34609,3.808652,visible raster pixels only; hidden/covered bar portions cannot be reconstructed,1978,2020,562,1952,1979,197,1979-D197,1983,127,1983-D127,1391,HIRS,NOAA 6,HIRS|NOAA 6,True,True,False,1952,1983-D127,1983-05-07,1979-D197,1983-D127,0
113,46,TIROS-N HIRS Rad,Multispectral infrared,False,red,thick,red_thick,assimilated in the reference system but not in ERA5,visible_color_bar,324,325,1040,1,11,1979.222962,1979.257903,0.034942,visible raster pixels only; hidden/covered bar portions cannot be reconstructed,1978,2020,447,460,1979,82,1979-D082,1979,95,1979-D095,14,HIRS,TIROS-N,HIRS|TIROS-N,False,True,False,460,1979-D095,1979-04-05,1979-D082,1979-D095,0
114,46,TIROS-N HIRS Rad,Multispectral infrared,False,red,thick,red_thick,assimilated in the reference system but not in ERA5,visible_color_bar,348,350,1040,2,11,1980.061564,1980.131448,0.069884,visible raster pixels only; hidden/covered bar portions cannot be reconstructed,1978,2020,753,778,1980,23,1980-D023,1980,48,1980-D048,26,HIRS,TIROS-N,HIRS|TIROS-N,False,True,False,778,1980-D048,1980-02-17,1980-D023,1980-D048,0
115,46,TIROS-N HIRS Rad,Multispectral infrared,False,grey,thick,grey_thick,used in both ERA5 and the reference system,visible_color_bar,318,381,1040,63,13,1979.013311,1981.214642,2.201331,visible raster pixels only; hidden/covered bar portions cannot be reconstructed,1978,2020,370,1174,1979,5,1979-D005,1981,79,1981-D079,805,HIRS,TIROS-N,HIRS|TIROS-N,True,True,False,1174,1981-D079,1981-03-20,1979-D005,1981-D079,0
116,47,GPM GMI Rad. All-sky,Microwave imagers,False,green,thick,green_thick,used in ERA5 but not in the reference system,visible_color_bar,1353,1377,1118,24,13,2015.178037,2016.016639,0.838602,visible raster pixels only; hidden/covered bar portions cannot be reconstructed,1978,2020,13570,13877,2015,65,2015-D065,2016,7,2016-D007,308,GMI,GPM,GMI|GPM,True,False,False,13877,2016-D007,2016-01-07,,,0
117,47,GPM GMI Rad. All-sky,Microwave imagers,False,grey,thick,grey_thick,used in both ERA5 and the reference system,visible_color_bar,1377,1482,1118,105,13,2016.016639,2019.685524,3.668885,visible raster pixels only; hidden/covered bar portions cannot be reconstructed,1978,2020,13877,15216,2016,7,2016-D007,2019,251,2019-D251,1340,GMI,GPM,GMI|GPM,True,True,True,15216,2019-D251,2019-09-08,2016-D007,2019-D251,1
118,48,GCOM-W1 AMSR-2 Rad. All-sky,Microwave imagers,False,green,thick,green_thick,used in ERA5 but not in the reference system,visible_color_bar,1277,1346,1137,69,13,2012.522463,2014.933444,2.410982,visible raster pixels only; hidden/covered bar portions cannot be reconstructed,1978,2020,12601,13481,2012,191,2012-D191,2014,341,2014-D341,881,AMSR-2,GCOM-W1,AMSR-2|GCOM-W1,True,False,False,13481,2014-D341,2014-12-07,,,0
119,48,GCOM-W1 AMSR-2 Rad. All-sky,Microwave imagers,False,green,thick,green_thick,used in ERA5 but not in the reference system,visible_color_bar,1353,1378,1137,25,13,2015.178037,2016.051581,0.873544,visible raster pixels only; hidden/covered bar portions cannot be reconstructed,1978,2020,13570,13889,2015,65,2015-D065,2016,19,2016-D019,320,AMSR-2,GCOM-W1,AMSR-2|GCOM-W1,True,False,False,13889,2016-D019,2016-01-19,,,0
120,48,GCOM-W1 AMSR-2 Rad. All-sky,Microwave imagers,False,grey,thick,grey_thick,used in both ERA5 and the reference system,visible_color_bar,1378,1482,1137,104,13,2016.051581,2019.685524,3.633943,visible raster pixels only; hidden/covered bar portions cannot be reconstructed,1978,2020,13889,15216,2016,19,2016-D019,2019,251,2019-D251,1328,AMSR-2,GCOM-W1,AMSR-2|GCOM-W1,True,True,True,15216,2019-D251,2019-09-08,2016-D019,2019-D251,1
121,49,TRMM TMI Rad. All-sky,Microwave imagers,False,green,thick,green_thick,used in ERA5 but not in the reference system,visible_color_bar,1076,1276,1156,200,13,2005.499168,2012.487521,6.988353,visible raster pixels only; hidden/covered bar portions cannot be reconstructed,1978,2020,10038,12588,2005,183,2005-D183,2012,178,2012-D178,2551,TMI,TRMM,TMI|TRMM,True,False,False,12588,2012-D178,2012-06-27,,,0
122,49,TRMM TMI Rad. All-sky,Microwave imagers,False,green,thick,green_thick,used in ERA5 but not in the reference system,visible_color_bar,1279,1353,1156,74,13,2012.592346,2015.178037,2.585691,visible raster pixels only; hidden/covered bar portions cannot be reconstructed,1978,2020,12627,13570,2012,217,2012-D217,2015,65,2015-D065,944,TMI,TRMM,TMI|TRMM,True,False,False,13570,2015-D065,2015-03-06,,,0
123,50,AQUA AMSRE Rad. All-sky,Microwave imagers,False,blue,thick,blue_thick,reprocessed relative to those assimilated in ERA-Interim,visible_color_bar,1176,1186,1176,10,13,2008.993344,2009.342762,0.349418,visible raster pixels only; hidden/covered bar portions cannot be reconstructed,1978,2020,11313,11441,2008,363,2008-D363,2009,126,2009-D126,129,AMSRE,AQUA,AMSRE|AQUA,True,True,False,11441,2009-D126,2009-05-06,2008-D363,2009-D126,0
124,50,AQUA AMSRE Rad. All-sky,Microwave imagers,False,blue,thick,blue_thick,reprocessed relative to those assimilated in ERA-Interim,visible_color_bar,1188,1255,1176,67,13,2009.412646,2011.753744,2.341098,visible raster pixels only; hidden/covered bar portions cannot be reconstructed,1978,2020,11466,12321,2009,151,2009-D151,2011,276,2011-D276,856,AMSRE,AQUA,AMSRE|AQUA,True,True,False,12321,2011-D276,2011-10-03,2009-D151,2011-D276,0
125,50,AQUA AMSRE Rad. All-sky,Microwave imagers,False,grey,thick,grey_thick,used in both ERA5 and the reference system,visible_color_bar,1375,1379,1176,4,5,2015.946755,2016.086522,0.139767,visible raster pixels only; hidden/covered bar portions cannot be reconstructed,1978,2020,13851,13902,2015,346,2015-D346,2016,32,2016-D032,52,AMSRE,AQUA,AMSRE|AQUA,True,True,False,13902,2016-D032,2016-02-01,2015-D346,2016-D032,0
126,51,DMSP 18 SSMIS Rad. All-sky,Microwave imagers,False,blue,thick,blue_thick,reprocessed relative to those assimilated in ERA-Interim,visible_color_bar,1222,1377,1195,155,13,2010.600666,2016.016639,5.415973,visible raster pixels only; hidden/covered bar portions cannot be reconstructed,1978,2020,11900,13877,2010,220,2010-D220,2016,7,2016-D007,1978,SSMIS,DMSP 18,SSMIS|DMSP 18,True,True,False,13877,2016-D007,2016-01-07,2010-D220,2016-D007,0
127,51,DMSP 18 SSMIS Rad. All-sky,Microwave imagers,False,grey,thick,grey_thick,used in both ERA5 and the reference system,visible_color_bar,1378,1482,1195,104,13,2016.051581,2019.685524,3.633943,visible raster pixels only; hidden/covered bar portions cannot be reconstructed,1978,2020,13889,15216,2016,19,2016-D019,2019,251,2019-D251,1328,SSMIS,DMSP 18,SSMIS|DMSP 18,True,True,True,15216,2019-D251,2019-09-08,2016-D019,2019-D251,1
128,52,DMSP 17 SSMIS Rad. All-sky,Microwave imagers,False,blue,thick,blue_thick,reprocessed relative to those assimilated in ERA-Interim,visible_color_bar,1195,1377,1214,182,13,2009.657238,2016.016639,6.359401,visible raster pixels only; hidden/covered bar portions cannot be reconstructed,1978,2020,11555,13877,2009,240,2009-D240,2016,7,2016-D007,2323,SSMIS,DMSP 17,SSMIS|DMSP 17,True,True,False,13877,2016-D007,2016-01-07,2009-D240,2016-D007,0
129,52,DMSP 17 SSMIS Rad. All-sky,Microwave imagers,False,grey,thick,grey_thick,used in both ERA5 and the reference system,visible_color_bar,1378,1482,1214,104,13,2016.051581,2019.685524,3.633943,visible raster pixels only; hidden/covered bar portions cannot be reconstructed,1978,2020,13889,15216,2016,19,2016-D019,2019,251,2019-D251,1328,SSMIS,DMSP 17,SSMIS|DMSP 17,True,True,True,15216,2019-D251,2019-09-08,2016-D019,2019-D251,1
130,53,DMSP 15 SSMI CM SAF All-sky,Microwave imagers,False,blue,thick,blue_thick,reprocessed relative to those assimilated in ERA-Interim,visible_color_bar,926,1107,1233,181,13,2000.257903,2006.582363,6.324459,visible raster pixels only; hidden/covered bar portions cannot be reconstructed,1978,2020,8125,10433,2000,95,2000-D095,2006,213,2006-D213,2309,SSMI,DMSP 15,SSMI|DMSP 15,True,True,False,10433,2006-D213,2006-08-01,2000-D095,2006-D213,0
131,54,DMSP 14 SSMI CM SAF All-sky,Microwave imagers,False,blue,thick,blue_thick,reprocessed relative to those assimilated in ERA-Interim,visible_color_bar,845,927,1252,82,13,1997.427621,2000.292845,2.865225,visible raster pixels only; hidden/covered bar portions cannot be reconstructed,1978,2020,7092,8137,1997,157,1997-D157,2000,107,2000-D107,1046,SSMI,DMSP 14,SSMI|DMSP 14,True,True,False,8137,2000-D107,2000-04-17,1997-D157,2000-D107,0
132,55,DMSP 13 SSMI CM SAF All-sky,Microwave imagers,False,blue,thick,blue_thick,reprocessed relative to those assimilated in ERA-Interim,visible_color_bar,788,1177,1272,389,13,1995.43594,2009.028286,13.592346,visible raster pixels only; hidden/covered bar portions cannot be reconstructed,1978,2020,6365,11326,1995,160,1995-D160,2009,11,2009-D011,4962,SSMI,DMSP 13,SSMI|DMSP 13,True,True,False,11326,2009-D011,2009-01-11,1995-D160,2009-D011,0
133,56,DMSP 13 SSMI All-sky,Microwave imagers,False,blue,thick,blue_thick,reprocessed relative to those assimilated in ERA-Interim,visible_color_bar,1176,1196,1291,20,13,2008.993344,2009.69218,0.698835,visible raster pixels only; hidden/covered bar portions cannot be reconstructed,1978,2020,11313,11568,2008,363,2008-D363,2009,253,2009-D253,256,SSMI,DMSP 13,SSMI|DMSP 13,True,True,False,11568,2009-D253,2009-09-10,2008-D363,2009-D253,0
134,57,DMSP 11 SSMI CM SAF All-sky,Microwave imagers,False,blue,thick,blue_thick,reprocessed relative to those assimilated in ERA-Interim,visible_color_bar,692,748,1310,56,13,1992.081531,1994.03827,1.956739,visible raster pixels only; hidden/covered bar portions cannot be reconstructed,1978,2020,5140,5854,1992,30,1992-D030,1994,14,1994-D014,715,SSMI,DMSP 11,SSMI|DMSP 11,True,True,False,5854,1994-D014,1994-01-14,1992-D030,1994-D014,0
135,57,DMSP 11 SSMI CM SAF All-sky,Microwave imagers,False,blue,thick,blue_thick,reprocessed relative to those assimilated in ERA-Interim,visible_color_bar,776,789,1310,13,13,1995.016639,1995.470882,0.454243,visible raster pixels only; hidden/covered bar portions cannot be reconstructed,1978,2020,6212,6377,1995,7,1995-D007,1995,172,1995-D172,166,SSMI,DMSP 11,SSMI|DMSP 11,True,True,False,6377,1995-D172,1995-06-21,1995-D007,1995-D172,0
136,58,DMSP 10 SSMI CM SAF All-sky,Microwave imagers,False,blue,thick,blue_thick,reprocessed relative to those assimilated in ERA-Interim,visible_color_bar,665,668,1329,3,13,1991.138103,1991.242928,0.104825,visible raster pixels only; hidden/covered bar portions cannot be reconstructed,1978,2020,4796,4834,1991,51,1991-D051,1991,89,1991-D089,39,SSMI,DMSP 10,SSMI|DMSP 10,True,True,False,4834,1991-D089,1991-03-30,1991-D051,1991-D089,0
137,58,DMSP 10 SSMI CM SAF All-sky,Microwave imagers,False,blue,thick,blue_thick,reprocessed relative to those assimilated in ERA-Interim,visible_color_bar,670,846,1329,176,13,1991.312812,1997.462562,6.14975,visible raster pixels only; hidden/covered bar portions cannot be reconstructed,1978,2020,4860,7104,1991,115,1991-D115,1997,169,1997-D169,2245,SSMI,DMSP 10,SSMI|DMSP 10,True,True,False,7104,1997-D169,1997-06-18,1991-D115,1997-D169,0
138,59,DMSP 8 SSMI CM SAF All-sky,Microwave imagers,False,blue,thick,blue_thick,reprocessed relative to those assimilated in ERA-Interim,visible_color_bar,564,574,1349,10,13,1987.608985,1987.958403,0.349418,visible raster pixels only; hidden/covered bar portions cannot be reconstructed,1978,2020,3508,3635,1987,223,1987-D223,1987,350,1987-D350,128,SSMI,DMSP 8,SSMI|DMSP 8,True,True,False,3635,1987-D350,1987-12-16,1987-D223,1987-D350,0
139,59,DMSP 8 SSMI CM SAF All-sky,Microwave imagers,False,blue,thick,blue_thick,reprocessed relative to those assimilated in ERA-Interim,visible_color_bar,577,662,1349,85,13,1988.063228,1991.033278,2.97005,visible raster pixels only; hidden/covered bar portions cannot be reconstructed,1978,2020,3674,4758,1988,24,1988-D024,1991,13,1991-D013,1085,SSMI,DMSP 8,SSMI|DMSP 8,True,True,False,4758,1991-D013,1991-01-13,1988-D024,1991-D013,0
140,59,DMSP 8 SSMI CM SAF All-sky,Microwave imagers,False,blue,thick,blue_thick,reprocessed relative to those assimilated in ERA-Interim,visible_color_bar,664,689,1349,25,13,1991.103161,1991.976705,0.873544,visible raster pixels only; hidden/covered bar portions cannot be reconstructed,1978,2020,4783,5102,1991,38,1991-D038,1991,357,1991-D357,320,SSMI,DMSP 8,SSMI|DMSP 8,True,True,False,5102,1991-D357,1991-12-23,1991-D038,1991-D357,0
141,60,SAPHIR All-sky,Microwave sounders,False,red,thick,red_thick,assimilated in the reference system but not in ERA5,visible_color_bar,1420,1459,1425,39,13,2017.519135,2018.881864,1.362729,visible raster pixels only; hidden/covered bar portions cannot be reconstructed,1978,2020,14425,14922,2017,190,2017-D190,2018,322,2018-D322,498,SAPHIR,MEGHA-TROPIQUES,SAPHIR|MEGHA-TROPIQUES,False,True,False,14922,2018-D322,2018-11-18,2017-D190,2018-D322,0
142,60,SAPHIR All-sky,Microwave sounders,False,red,thick,red_thick,assimilated in the reference system but not in ERA5,visible_color_bar,1469,1473,1425,4,13,2019.231281,2019.371048,0.139767,visible raster pixels only; hidden/covered bar portions cannot be reconstructed,1978,2020,15050,15101,2019,85,2019-D085,2019,136,2019-D136,52,SAPHIR,MEGHA-TROPIQUES,SAPHIR|MEGHA-TROPIQUES,False,True,False,15101,2019-D136,2019-05-16,2019-D085,2019-D136,0
143,60,SAPHIR All-sky,Microwave sounders,False,red,thick,red_thick,assimilated in the reference system but not in ERA5,visible_color_bar,1478,1482,1425,4,13,2019.545757,2019.685524,0.139767,visible raster pixels only; hidden/covered bar portions cannot be reconstructed,1978,2020,15165,15216,2019,200,2019-D200,2019,251,2019-D251,52,SAPHIR,MEGHA-TROPIQUES,SAPHIR|MEGHA-TROPIQUES,False,True,True,15216,2019-D251,2019-09-08,2019-D200,2019-D251,1
144,61,FY-3C MWHS2 Rad. All-sky,Microwave sounders,False,red,thick,red_thick,assimilated in the reference system but not in ERA5,visible_color_bar,1471,1482,1445,11,13,2019.301165,2019.685524,0.384359,visible raster pixels only; hidden/covered bar portions cannot be reconstructed,1978,2020,15075,15216,2019,110,2019-D110,2019,251,2019-D251,142,MWHS2,FY-3C,MWHS2|FY-3C,False,True,True,15216,2019-D251,2019-09-08,2019-D110,2019-D251,1
145,61,FY-3C MWHS2 Rad. All-sky,Microwave sounders,False,grey,thick,grey_thick,used in both ERA5 and the reference system,visible_color_bar,1384,1468,1445,84,13,2016.261231,2019.196339,2.935108,visible raster pixels only; hidden/covered bar portions cannot be reconstructed,1978,2020,13966,15037,2016,96,2016-D096,2019,72,2019-D072,1072,MWHS2,FY-3C,MWHS2|FY-3C,True,True,False,15037,2019-D072,2019-03-13,2016-D096,2019-D072,0
146,62,FY-3B MWHS Rad.,Microwave sounders,False,green,thick,green_thick,used in ERA5 but not in the reference system,visible_color_bar,1299,1377,1464,78,13,2013.291181,2016.016639,2.725458,visible raster pixels only; hidden/covered bar portions cannot be reconstructed,1978,2020,12882,13877,2013,107,2013-D107,2016,7,2016-D007,996,MWHS,FY-3B,MWHS|FY-3B,True,False,False,13877,2016-D007,2016-01-07,,,0
147,62,FY-3B MWHS Rad.,Microwave sounders,False,grey,thick,grey_thick,used in both ERA5 and the reference system,visible_color_bar,1377,1482,1464,105,13,2016.016639,2019.685524,3.668885,visible raster pixels only; hidden/covered bar portions cannot be reconstructed,1978,2020,13877,15216,2016,7,2016-D007,2019,251,2019-D251,1340,MWHS,FY-3B,MWHS|FY-3B,True,True,True,15216,2019-D251,2019-09-08,2016-D007,2019-D251,1
148,63,MHS METOP-C MHS Rad. All-sky,Microwave sounders,False,grey,thick,grey_thick,used in both ERA5 and the reference system,visible_color_bar,1468,1482,1484,14,13,2019.196339,2019.685524,0.489185,visible raster pixels only; hidden/covered bar portions cannot be reconstructed,1978,2020,15037,15216,2019,72,2019-D072,2019,251,2019-D251,180,MHS,METOP-C,MHS|METOP-C,True,True,True,15216,2019-D251,2019-09-08,2019-D072,2019-D251,1
149,64,MHS METOP-B MHS Rad. All-sky,Microwave sounders,False,blue,thick,blue_thick,reprocessed relative to those assimilated in ERA-Interim,visible_color_bar,1289,1377,1503,88,13,2012.941764,2016.016639,3.074875,visible raster pixels only; hidden/covered bar portions cannot be reconstructed,1978,2020,12754,13877,2012,344,2012-D344,2016,7,2016-D007,1124,MHS,METOP-B,MHS|METOP-B,True,True,False,13877,2016-D007,2016-01-07,2012-D344,2016-D007,0
150,64,MHS METOP-B MHS Rad. All-sky,Microwave sounders,False,grey,thick,grey_thick,used in both ERA5 and the reference system,visible_color_bar,1378,1482,1503,104,13,2016.051581,2019.685524,3.633943,visible raster pixels only; hidden/covered bar portions cannot be reconstructed,1978,2020,13889,15216,2016,19,2016-D019,2019,251,2019-D251,1328,MHS,METOP-B,MHS|METOP-B,True,True,True,15216,2019-D251,2019-09-08,2016-D019,2019-D251,1
151,65,MHS METOP-A MHS Rad. All-sky,Microwave sounders,False,blue,thick,blue_thick,reprocessed relative to those assimilated in ERA-Interim,visible_color_bar,1120,1327,1522,207,13,2007.036606,2014.269551,7.232945,visible raster pixels only; hidden/covered bar portions cannot be reconstructed,1978,2020,10599,13239,2007,14,2007-D014,2014,99,2014-D099,2641,MHS,METOP-A,MHS|METOP-A,True,True,False,13239,2014-D099,2014-04-09,2007-D014,2014-D099,0
152,65,MHS METOP-A MHS Rad. All-sky,Microwave sounders,False,blue,thick,blue_thick,reprocessed relative to those assimilated in ERA-Interim,visible_color_bar,1331,1377,1522,46,13,2014.409318,2016.016639,1.607321,visible raster pixels only; hidden/covered bar portions cannot be reconstructed,1978,2020,13290,13877,2014,150,2014-D150,2016,7,2016-D007,588,MHS,METOP-A,MHS|METOP-A,True,True,False,13877,2016-D007,2016-01-07,2014-D150,2016-D007,0
153,65,MHS METOP-A MHS Rad. All-sky,Microwave sounders,False,grey,thick,grey_thick,used in both ERA5 and the reference system,visible_color_bar,1378,1482,1522,104,13,2016.051581,2019.685524,3.633943,visible raster pixels only; hidden/covered bar portions cannot be reconstructed,1978,2020,13889,15216,2016,19,2016-D019,2019,251,2019-D251,1328,MHS,METOP-A,MHS|METOP-A,True,True,True,15216,2019-D251,2019-09-08,2016-D019,2019-D251,1
154,66,MHS NOAA 19 MHS Rad. All-sky,Microwave sounders,False,blue,thick,blue_thick,reprocessed relative to those assimilated in ERA-Interim,visible_color_bar,1188,1193,1541,5,13,2009.412646,2009.587354,0.174709,visible raster pixels only; hidden/covered bar portions cannot be reconstructed,1978,2020,11466,11530,2009,151,2009-D151,2009,215,2009-D215,65,MHS,NOAA 19,MHS|NOAA 19,True,True,False,11530,2009-D215,2009-08-03,2009-D151,2009-D215,0
155,66,MHS NOAA 19 MHS Rad. All-sky,Microwave sounders,False,blue,thick,blue_thick,reprocessed relative to those assimilated in ERA-Interim,visible_color_bar,1210,1375,1541,165,13,2010.181364,2015.946755,5.765391,visible raster pixels only; hidden/covered bar portions cannot be reconstructed,1978,2020,11747,13851,2010,67,2010-D067,2015,346,2015-D346,2105,MHS,NOAA 19,MHS|NOAA 19,True,True,False,13851,2015-D346,2015-12-12,2010-D067,2015-D346,0
156,66,MHS NOAA 19 MHS Rad. All-sky,Microwave sounders,False,grey,thick,grey_thick,used in both ERA5 and the reference system,visible_color_bar,1378,1482,1541,104,13,2016.051581,2019.685524,3.633943,visible raster pixels only; hidden/covered bar portions cannot be reconstructed,1978,2020,13889,15216,2016,19,2016-D019,2019,251,2019-D251,1328,MHS,NOAA 19,MHS|NOAA 19,True,True,True,15216,2019-D251,2019-09-08,2016-D019,2019-D251,1
157,67,MHS NOAA 18 MHS Rad. All-sky,Microwave sounders,False,blue,thick,blue_thick,reprocessed relative to those assimilated in ERA-Interim,visible_color_bar,1079,1377,1561,298,13,2005.603993,2016.016639,10.412646,visible raster pixels only; hidden/covered bar portions cannot be reconstructed,1978,2020,10076,13877,2005,221,2005-D221,2016,7,2016-D007,3802,MHS,NOAA 18,MHS|NOAA 18,True,True,False,13877,2016-D007,2016-01-07,2005-D221,2016-D007,0
158,67,MHS NOAA 18 MHS Rad. All-sky,Microwave sounders,False,grey,thick,grey_thick,used in both ERA5 and the reference system,visible_color_bar,1378,1457,1561,79,13,2016.051581,2018.81198,2.760399,visible raster pixels only; hidden/covered bar portions cannot be reconstructed,1978,2020,13889,14897,2016,19,2016-D019,2018,297,2018-D297,1009,MHS,NOAA 18,MHS|NOAA 18,True,True,False,14897,2018-D297,2018-10-24,2016-D019,2018-D297,0
159,68,NOAA 20 ATMS Rad.,Microwave sounders,False,grey,thick,grey_thick,used in both ERA5 and the reference system,visible_color_bar,1444,1482,1580,38,13,2018.357737,2019.685524,1.327787,visible raster pixels only; hidden/covered bar portions cannot be reconstructed,1978,2020,14731,15216,2018,131,2018-D131,2019,251,2019-D251,486,ATMS,NOAA 20,ATMS|NOAA 20,True,True,True,15216,2019-D251,2019-09-08,2018-D131,2019-D251,1
160,69,NPP ATMS Rad.,Microwave sounders,False,green,thick,green_thick,used in ERA5 but not in the reference system,visible_color_bar,1283,1377,1599,94,13,2012.732113,2016.016639,3.284526,visible raster pixels only; hidden/covered bar portions cannot be reconstructed,1978,2020,12678,13877,2012,268,2012-D268,2016,7,2016-D007,1200,ATMS,NPP,ATMS|NPP,True,False,False,13877,2016-D007,2016-01-07,,,0
161,69,NPP ATMS Rad.,Microwave sounders,False,grey,thick,grey_thick,used in both ERA5 and the reference system,visible_color_bar,1378,1482,1599,104,13,2016.051581,2019.685524,3.633943,visible raster pixels only; hidden/covered bar portions cannot be reconstructed,1978,2020,13889,15216,2016,19,2016-D019,2019,251,2019-D251,1328,ATMS,NPP,ATMS|NPP,True,True,True,15216,2019-D251,2019-09-08,2016-D019,2019-D251,1
162,70,NOAA 14 MSU TOVS1B Rad,Microwave sounders,False,red,thick,red_thick,assimilated in the reference system but not in ERA5,visible_color_bar,1035,1042,1618,7,13,2004.066556,2004.311148,0.244592,visible raster pixels only; hidden/covered bar portions cannot be reconstructed,1978,2020,9515,9604,2004,25,2004-D025,2004,114,2004-D114,90,MSU,NOAA 14,MSU|NOAA 14,False,True,False,9604,2004-D114,2004-04-24,2004-D025,2004-D114,0
163,70,NOAA 14 MSU TOVS1B Rad,Microwave sounders,False,red,thin,red_thin,assimilated in the reference system but not in ERA5,visible_color_bar,1045,1047,1618,2,2,2004.415973,2004.485857,0.069884,visible raster pixels only; hidden/covered bar portions cannot be reconstructed,1978,2020,9642,9668,2004,152,2004-D152,2004,178,2004-D178,27,MSU,NOAA 14,MSU|NOAA 14,False,True,False,9668,2004-D178,2004-06-27,2004-D152,2004-D178,0
164,70,NOAA 14 MSU TOVS1B Rad,Microwave sounders,False,red,thick,red_thick,assimilated in the reference system but not in ERA5,visible_color_bar,1054,1058,1618,4,11,2004.730449,2004.870216,0.139767,visible raster pixels only; hidden/covered bar portions cannot be reconstructed,1978,2020,9757,9808,2004,267,2004-D267,2004,318,2004-D318,52,MSU,NOAA 14,MSU|NOAA 14,False,True,False,9808,2004-D318,2004-11-14,2004-D267,2004-D318,0
165,70,NOAA 14 MSU TOVS1B Rad,Microwave sounders,False,red,thick,red_thick,assimilated in the reference system but not in ERA5,visible_color_bar,1062,1067,1618,5,13,2005.009983,2005.184692,0.174709,visible raster pixels only; hidden/covered bar portions cannot be reconstructed,1978,2020,9859,9923,2005,4,2005-D004,2005,68,2005-D068,65,MSU,NOAA 14,MSU|NOAA 14,False,True,False,9923,2005-D068,2005-03-09,2005-D004,2005-D068,0
166,70,NOAA 14 MSU TOVS1B Rad,Microwave sounders,False,red,thick,red_thick,assimilated in the reference system but not in ERA5,visible_color_bar,1071,1110,1618,39,13,2005.324459,2006.687188,1.362729,visible raster pixels only; hidden/covered bar portions cannot be reconstructed,1978,2020,9974,10471,2005,119,2005-D119,2006,251,2006-D251,498,MSU,NOAA 14,MSU|NOAA 14,False,True,False,10471,2006-D251,2006-09-08,2005-D119,2006-D251,0
167,70,NOAA 14 MSU TOVS1B Rad,Microwave sounders,False,grey,thick,grey_thick,used in both ERA5 and the reference system,visible_color_bar,784,1035,1618,251,13,1995.296173,2004.066556,8.770383,visible raster pixels only; hidden/covered bar portions cannot be reconstructed,1978,2020,6314,9515,1995,109,1995-D109,2004,25,2004-D025,3202,MSU,NOAA 14,MSU|NOAA 14,True,True,False,9515,2004-D025,2004-01-25,1995-D109,2004-D025,0
168,70,NOAA 14 MSU TOVS1B Rad,Microwave sounders,False,grey,thick,grey_thick,used in both ERA5 and the reference system,visible_color_bar,1042,1062,1618,20,13,2004.311148,2005.009983,0.698835,visible raster pixels only; hidden/covered bar portions cannot be reconstructed,1978,2020,9604,9859,2004,114,2004-D114,2005,4,2005-D004,256,MSU,NOAA 14,MSU|NOAA 14,True,True,False,9859,2005-D004,2005-01-04,2004-D114,2005-D004,0
169,70,NOAA 14 MSU TOVS1B Rad,Microwave sounders,False,grey,thick,grey_thick,used in both ERA5 and the reference system,visible_color_bar,1067,1071,1618,4,13,2005.184692,2005.324459,0.139767,visible raster pixels only; hidden/covered bar portions cannot be reconstructed,1978,2020,9923,9974,2005,68,2005-D068,2005,119,2005-D119,52,MSU,NOAA 14,MSU|NOAA 14,True,True,False,9974,2005-D119,2005-04-29,2005-D068,2005-D119,0
170,71,NOAA 12 MSU TOVS1B Rad,Microwave sounders,False,grey,thick,grey_thick,used in both ERA5 and the reference system,visible_color_bar,676,845,1637,169,13,1991.522463,1997.427621,5.905158,visible raster pixels only; hidden/covered bar portions cannot be reconstructed,1978,2020,4936,7092,1991,191,1991-D191,1997,157,1997-D157,2157,MSU,NOAA 12,MSU|NOAA 12,True,True,False,7092,1997-D157,1997-06-06,1991-D191,1997-D157,0
171,72,NOAA 11 MSU TOVS1B Rad,Microwave sounders,False,grey,thick,grey_thick,used in both ERA5 and the reference system,visible_color_bar,597,776,1657,179,13,1988.762063,1995.016639,6.254576,visible raster pixels only; hidden/covered bar portions cannot be reconstructed,1978,2020,3929,6212,1988,279,1988-D279,1995,7,1995-D007,2284,MSU,NOAA 11,MSU|NOAA 11,True,True,False,6212,1995-D007,1995-01-07,1988-D279,1995-D007,0
172,72,NOAA 11 MSU TOVS1B Rad,Microwave sounders,False,grey,thick,grey_thick,used in both ERA5 and the reference system,visible_color_bar,848,895,1657,47,13,1997.532446,1999.174709,1.642263,visible raster pixels only; hidden/covered bar portions cannot be reconstructed,1978,2020,7130,7729,1997,195,1997-D195,1999,64,1999-D064,600,MSU,NOAA 11,MSU|NOAA 11,True,True,False,7729,1999-D064,1999-03-05,1997-D195,1999-D064,0
173,73,NOAA 10 MSU TOVS1B Rad,Microwave sounders,False,grey,thick,grey_thick,used in both ERA5 and the reference system,visible_color_bar,544,682,1676,138,13,1986.91015,1991.732113,4.821963,visible raster pixels only; hidden/covered bar portions cannot be reconstructed,1978,2020,3253,5013,1986,333,1986-D333,1991,268,1991-D268,1761,MSU,NOAA 10,MSU|NOAA 10,True,True,False,5013,1991-D268,1991-09-25,1986-D333,1991-D268,0
174,74,NOAA 9 MSU TOVS1B Rad,Microwave sounders,False,grey,thick,grey_thick,used in both ERA5 and the reference system,visible_color_bar,489,553,1695,64,13,1984.988353,1987.224626,2.236273,visible raster pixels only; hidden/covered bar portions cannot be reconstructed,1978,2020,2551,3367,1984,361,1984-D361,1987,82,1987-D082,817,MSU,NOAA 9,MSU|NOAA 9,True,True,False,3367,1987-D082,1987-03-23,1984-D361,1987-D082,0
175,75,NOAA 8 MSU TOVS1B Rad,Microwave sounders,False,red,thick,red_thick,assimilated in the reference system but not in ERA5,visible_color_bar,442,444,1714,2,13,1983.34609,1983.415973,0.069884,visible raster pixels only; hidden/covered bar portions cannot be reconstructed,1978,2020,1952,1977,1983,127,1983-D127,1983,152,1983-D152,26,MSU,NOAA 8,MSU|NOAA 8,False,True,False,1977,1983-D152,1983-06-01,1983-D127,1983-D152,0
176,75,NOAA 8 MSU TOVS1B Rad,Microwave sounders,False,red,thick,red_thick,assimilated in the reference system but not in ERA5,visible_color_bar,504,513,1714,9,13,1985.512479,1985.826955,0.314476,visible raster pixels only; hidden/covered bar portions cannot be reconstructed,1978,2020,2743,2857,1985,188,1985-D188,1985,302,1985-D302,115,MSU,NOAA 8,MSU|NOAA 8,False,True,False,2857,1985-D302,1985-10-29,1985-D188,1985-D302,0
177,75,NOAA 8 MSU TOVS1B Rad,Microwave sounders,False,grey,thick,grey_thick,used in both ERA5 and the reference system,visible_color_bar,444,474,1714,30,13,1983.415973,1984.464226,1.048253,visible raster pixels only; hidden/covered bar portions cannot be reconstructed,1978,2020,1977,2360,1983,152,1983-D152,1984,170,1984-D170,384,MSU,NOAA 8,MSU|NOAA 8,True,True,False,2360,1984-D170,1984-06-19,1983-D152,1984-D170,0
178,76,NOAA 7 MSU TOVS1B Rad,Microwave sounders,False,grey,thick,grey_thick,used in both ERA5 and the reference system,visible_color_bar,390,494,1733,104,13,1981.529118,1985.163062,3.633943,visible raster pixels only; hidden/covered bar portions cannot be reconstructed,1978,2020,1289,2615,1981,194,1981-D194,1985,60,1985-D060,1327,MSU,NOAA 7,MSU|NOAA 7,True,True,False,2615,1985-D060,1985-03-01,1981-D194,1985-D060,0
179,77,NOAA 6 MSU TOVS1B Rad,Microwave sounders,False,grey,thick,grey_thick,used in both ERA5 and the reference system,visible_color_bar,332,442,1753,110,13,1979.502496,1983.34609,3.843594,visible raster pixels only; hidden/covered bar portions cannot be reconstructed,1978,2020,549,1952,1979,184,1979-D184,1983,127,1983-D127,1404,MSU,NOAA 6,MSU|NOAA 6,True,True,False,1952,1983-D127,1983-05-07,1979-D184,1983-D127,0
180,77,NOAA 6 MSU TOVS1B Rad,Microwave sounders,False,grey,thick,grey_thick,used in both ERA5 and the reference system,visible_color_bar,514,543,1753,29,13,1985.861897,1986.875208,1.013311,visible raster pixels only; hidden/covered bar portions cannot be reconstructed,1978,2020,2870,3240,1985,315,1985-D315,1986,320,1986-D320,371,MSU,NOAA 6,MSU|NOAA 6,True,True,False,3240,1986-D320,1986-11-16,1985-D315,1986-D320,0
181,78,TIROS-N MSU TOVS1B Rad,Microwave sounders,False,grey,thick,grey_thick,used in both ERA5 and the reference system,visible_color_bar,318,381,1772,63,13,1979.013311,1981.214642,2.201331,visible raster pixels only; hidden/covered bar portions cannot be reconstructed,1978,2020,370,1174,1979,5,1979-D005,1981,79,1981-D079,805,MSU,TIROS-N,MSU|TIROS-N,True,True,False,1174,1981-D079,1981-03-20,1979-D005,1981-D079,0
182,79,NOAA 17 AMSUB Rad.,Microwave sounders,False,red,thick,red_thick,assimilated in the reference system but not in ERA5,visible_color_bar,995,999,1791,4,13,2002.668885,2002.808652,0.139767,visible raster pixels only; hidden/covered bar portions cannot be reconstructed,1978,2020,9005,9056,2002,245,2002-D245,2002,296,2002-D296,52,AMSUB,NOAA 17,AMSUB|NOAA 17,False,True,False,9056,2002-D296,2002-10-23,2002-D245,2002-D296,0
183,79,NOAA 17 AMSUB Rad.,Microwave sounders,False,grey,thick,grey_thick,used in both ERA5 and the reference system,visible_color_bar,999,1204,1791,205,13,2002.808652,2009.971714,7.163062,visible raster pixels only; hidden/covered bar portions cannot be reconstructed,1978,2020,9056,11670,2002,296,2002-D296,2009,355,2009-D355,2615,AMSUB,NOAA 17,AMSUB|NOAA 17,True,True,False,11670,2009-D355,2009-12-21,2002-D296,2009-D355,0
184,80,NOAA 16 AMSUB Rad.,Microwave sounders,False,red,thick,red_thick,assimilated in the reference system but not in ERA5,visible_color_bar,942,947,1810,5,13,2000.816972,2000.991681,0.174709,visible raster pixels only; hidden/covered bar portions cannot be reconstructed,1978,2020,8329,8392,2000,299,2000-D299,2000,362,2000-D362,64,AMSUB,NOAA 16,AMSUB|NOAA 16,False,True,False,8392,2000-D362,2000-12-28,2000-D299,2000-D362,0
185,80,NOAA 16 AMSUB Rad.,Microwave sounders,False,red,thick,red_thick,assimilated in the reference system but not in ERA5,visible_color_bar,1117,1141,1810,24,13,2006.93178,2007.770383,0.838602,visible raster pixels only; hidden/covered bar portions cannot be reconstructed,1978,2020,10561,10867,2006,341,2006-D341,2007,282,2007-D282,307,AMSUB,NOAA 16,AMSUB|NOAA 16,False,True,False,10867,2007-D282,2007-10-09,2006-D341,2007-D282,0
186,80,NOAA 16 AMSUB Rad.,Microwave sounders,False,grey,thick,grey_thick,used in both ERA5 and the reference system,visible_color_bar,947,1118,1810,171,13,2000.991681,2006.966722,5.975042,visible raster pixels only; hidden/covered bar portions cannot be reconstructed,1978,2020,8392,10573,2000,362,2000-D362,2006,353,2006-D353,2182,AMSUB,NOAA 16,AMSUB|NOAA 16,True,True,False,10573,2006-D353,2006-12-19,2000-D362,2006-D353,0
187,81,METOP-C AMSUA Rad.,Microwave sounders,True,grey,thick,grey_thick,used in both ERA5 and the reference system,visible_color_bar,1468,1482,1829,14,13,2019.196339,2019.685524,0.489185,visible raster pixels only; hidden/covered bar portions cannot be reconstructed,1978,2020,15037,15216,2019,72,2019-D072,2019,251,2019-D251,180,AMSUA,METOP-C,AMSUA|METOP-C,True,True,True,15216,2019-D251,2019-09-08,2019-D072,2019-D251,1
188,82,METOP-B AMSUA Rad.,Microwave sounders,True,green,thick,green_thick,used in ERA5 but not in the reference system,visible_color_bar,1289,1298,1849,9,13,2012.941764,2013.25624,0.314476,visible raster pixels only; hidden/covered bar portions cannot be reconstructed,1978,2020,12754,12869,2012,344,2012-D344,2013,94,2013-D094,116,AMSUA,METOP-B,AMSUA|METOP-B,True,False,False,12869,2013-D094,2013-04-04,,,0
189,82,METOP-B AMSUA Rad.,Microwave sounders,True,green,thick,green_thick,used in ERA5 but not in the reference system,visible_color_bar,1354,1357,1849,3,13,2015.212978,2015.317804,0.104825,visible raster pixels only; hidden/covered bar portions cannot be reconstructed,1978,2020,13583,13621,2015,78,2015-D078,2015,116,2015-D116,39,AMSUA,METOP-B,AMSUA|METOP-B,True,False,False,13621,2015-D116,2015-04-26,,,0
190,82,METOP-B AMSUA Rad.,Microwave sounders,True,grey,thick,grey_thick,used in both ERA5 and the reference system,visible_color_bar,1297,1482,1849,185,13,2013.221298,2019.685524,6.464226,visible raster pixels only; hidden/covered bar portions cannot be reconstructed,1978,2020,12856,15216,2013,81,2013-D081,2019,251,2019-D251,2361,AMSUA,METOP-B,AMSUA|METOP-B,True,True,True,15216,2019-D251,2019-09-08,2013-D081,2019-D251,1
191,83,METOP-A AMSUA Rad.,Microwave sounders,True,green,thin,green_thin,used in ERA5 but not in the reference system,visible_color_bar,1154,1155,1868,1,4,2008.224626,2008.259567,0.034942,visible raster pixels only; hidden/covered bar portions cannot be reconstructed,1978,2020,11032,11045,2008,82,2008-D082,2008,95,2008-D095,14,AMSUA,METOP-A,AMSUA|METOP-A,True,False,False,11045,2008-D095,2008-04-05,,,0
192,83,METOP-A AMSUA Rad.,Microwave sounders,True,green,thick,green_thick,used in ERA5 but not in the reference system,visible_color_bar,1353,1357,1868,4,13,2015.178037,2015.317804,0.139767,visible raster pixels only; hidden/covered bar portions cannot be reconstructed,1978,2020,13570,13621,2015,65,2015-D065,2015,116,2015-D116,52,AMSUA,METOP-A,AMSUA|METOP-A,True,False,False,13621,2015-D116,2015-04-26,,,0
193,83,METOP-A AMSUA Rad.,Microwave sounders,True,red,thick,red_thick,assimilated in the reference system but not in ERA5,visible_color_bar,1121,1130,1868,9,13,2007.071547,2007.386023,0.314476,visible raster pixels only; hidden/covered bar portions cannot be reconstructed,1978,2020,10612,10726,2007,27,2007-D027,2007,141,2007-D141,115,AMSUA,METOP-A,AMSUA|METOP-A,False,True,False,10726,2007-D141,2007-05-21,2007-D027,2007-D141,0
194,83,METOP-A AMSUA Rad.,Microwave sounders,True,red,thick,red_thick,assimilated in the reference system but not in ERA5,visible_color_bar,1143,1146,1868,3,12,2007.840266,2007.945092,0.104825,visible raster pixels only; hidden/covered bar portions cannot be reconstructed,1978,2020,10892,10930,2007,307,2007-D307,2007,345,2007-D345,39,AMSUA,METOP-A,AMSUA|METOP-A,False,True,False,10930,2007-D345,2007-12-11,2007-D307,2007-D345,0
195,83,METOP-A AMSUA Rad.,Microwave sounders,True,grey,thick,grey_thick,used in both ERA5 and the reference system,visible_color_bar,1130,1143,1868,13,13,2007.386023,2007.840266,0.454243,visible raster pixels only; hidden/covered bar portions cannot be reconstructed,1978,2020,10726,10892,2007,141,2007-D141,2007,307,2007-D307,167,AMSUA,METOP-A,AMSUA|METOP-A,True,True,False,10892,2007-D307,2007-11-03,2007-D141,2007-D307,0
196,83,METOP-A AMSUA Rad.,Microwave sounders,True,grey,thick,grey_thick,used in both ERA5 and the reference system,visible_color_bar,1146,1482,1868,336,13,2007.945092,2019.685524,11.740433,visible raster pixels only; hidden/covered bar portions cannot be reconstructed,1978,2020,10930,15216,2007,345,2007-D345,2019,251,2019-D251,4287,AMSUA,METOP-A,AMSUA|METOP-A,True,True,True,15216,2019-D251,2019-09-08,2007-D345,2019-D251,1
197,84,AQUA AMSUA Rad.,Microwave sounders,True,green,thick,green_thick,used in ERA5 but not in the reference system,visible_color_bar,1353,1357,1887,4,13,2015.178037,2015.317804,0.139767,visible raster pixels only; hidden/covered bar portions cannot be reconstructed,1978,2020,13570,13621,2015,65,2015-D065,2015,116,2015-D116,52,AMSUA,AQUA,AMSUA|AQUA,True,False,False,13621,2015-D116,2015-04-26,,,0
198,84,AQUA AMSUA Rad.,Microwave sounders,True,red,thick,red_thick,assimilated in the reference system but not in ERA5,visible_color_bar,1001,1007,1887,6,13,2002.878536,2003.088186,0.209651,visible raster pixels only; hidden/covered bar portions cannot be reconstructed,1978,2020,9081,9158,2002,321,2002-D321,2003,33,2003-D033,78,AMSUA,AQUA,AMSUA|AQUA,False,True,False,9158,2003-D033,2003-02-02,2002-D321,2003-D033,0
199,84,AQUA AMSUA Rad.,Microwave sounders,True,red,thick,red_thick,assimilated in the reference system but not in ERA5,visible_color_bar,1022,1024,1887,2,5,2003.612313,2003.682196,0.069884,visible raster pixels only; hidden/covered bar portions cannot be reconstructed,1978,2020,9349,9375,2003,224,2003-D224,2003,250,2003-D250,27,AMSUA,AQUA,AMSUA|AQUA,False,True,False,9375,2003-D250,2003-09-07,2003-D224,2003-D250,0
200,84,AQUA AMSUA Rad.,Microwave sounders,True,red,thick,red_thick,assimilated in the reference system but not in ERA5,visible_color_bar,1079,1083,1887,4,13,2005.603993,2005.74376,0.139767,visible raster pixels only; hidden/covered bar portions cannot be reconstructed,1978,2020,10076,10127,2005,221,2005-D221,2005,272,2005-D272,52,AMSUA,AQUA,AMSUA|AQUA,False,True,False,10127,2005-D272,2005-09-29,2005-D221,2005-D272,0
201,84,AQUA AMSUA Rad.,Microwave sounders,True,grey,thick,grey_thick,used in both ERA5 and the reference system,visible_color_bar,1007,1079,1887,72,13,2003.088186,2005.603993,2.515807,visible raster pixels only; hidden/covered bar portions cannot be reconstructed,1978,2020,9158,10076,2003,33,2003-D033,2005,221,2005-D221,919,AMSUA,AQUA,AMSUA|AQUA,True,True,False,10076,2005-D221,2005-08-09,2003-D033,2005-D221,0
202,84,AQUA AMSUA Rad.,Microwave sounders,True,grey,thick,grey_thick,used in both ERA5 and the reference system,visible_color_bar,1082,1375,1887,293,13,2005.708819,2015.946755,10.237937,visible raster pixels only; hidden/covered bar portions cannot be reconstructed,1978,2020,10114,13851,2005,259,2005-D259,2015,346,2015-D346,3738,AMSUA,AQUA,AMSUA|AQUA,True,True,False,13851,2015-D346,2015-12-12,2005-D259,2015-D346,0
203,84,AQUA AMSUA Rad.,Microwave sounders,True,grey,thick,grey_thick,used in both ERA5 and the reference system,visible_color_bar,1378,1398,1887,20,13,2016.051581,2016.750416,0.698835,visible raster pixels only; hidden/covered bar portions cannot be reconstructed,1978,2020,13889,14144,2016,19,2016-D019,2016,274,2016-D274,256,AMSUA,AQUA,AMSUA|AQUA,True,True,False,14144,2016-D274,2016-10-01,2016-D019,2016-D274,0
204,84,AQUA AMSUA Rad.,Microwave sounders,True,grey,thick,grey_thick,used in both ERA5 and the reference system,visible_color_bar,1406,1482,1887,76,13,2017.02995,2019.685524,2.655574,visible raster pixels only; hidden/covered bar portions cannot be reconstructed,1978,2020,14246,15216,2017,11,2017-D011,2019,251,2019-D251,971,AMSUA,AQUA,AMSUA|AQUA,True,True,True,15216,2019-D251,2019-09-08,2017-D011,2019-D251,1
205,85,NOAA 19 AMSUA Rad.,Microwave sounders,True,green,thick,green_thick,used in ERA5 but not in the reference system,visible_color_bar,1353,1357,1906,4,13,2015.178037,2015.317804,0.139767,visible raster pixels only; hidden/covered bar portions cannot be reconstructed,1978,2020,13570,13621,2015,65,2015-D065,2015,116,2015-D116,52,AMSUA,NOAA 19,AMSUA|NOAA 19,True,False,False,13621,2015-D116,2015-04-26,,,0
206,85,NOAA 19 AMSUA Rad.,Microwave sounders,True,grey,thick,grey_thick,used in both ERA5 and the reference system,visible_color_bar,1188,1482,1906,294,13,2009.412646,2019.685524,10.272879,visible raster pixels only; hidden/covered bar portions cannot be reconstructed,1978,2020,11466,15216,2009,151,2009-D151,2019,251,2019-D251,3751,AMSUA,NOAA 19,AMSUA|NOAA 19,True,True,True,15216,2019-D251,2019-09-08,2009-D151,2019-D251,1
207,86,NOAA 18 AMSUA Rad.,Microwave sounders,True,green,thick,green_thick,used in ERA5 but not in the reference system,visible_color_bar,1353,1356,1925,3,12,2015.178037,2015.282862,0.104825,visible raster pixels only; hidden/covered bar portions cannot be reconstructed,1978,2020,13570,13609,2015,65,2015-D065,2015,104,2015-D104,40,AMSUA,NOAA 18,AMSUA|NOAA 18,True,False,False,13609,2015-D104,2015-04-14,,,0
208,86,NOAA 18 AMSUA Rad.,Microwave sounders,True,red,thick,red_thick,assimilated in the reference system but not in ERA5,visible_color_bar,1077,1081,1925,4,13,2005.53411,2005.673877,0.139767,visible raster pixels only; hidden/covered bar portions cannot be reconstructed,1978,2020,10050,10101,2005,195,2005-D195,2005,246,2005-D246,52,AMSUA,NOAA 18,AMSUA|NOAA 18,False,True,False,10101,2005-D246,2005-09-03,2005-D195,2005-D246,0
209,86,NOAA 18 AMSUA Rad.,Microwave sounders,True,grey,thick,grey_thick,used in both ERA5 and the reference system,visible_color_bar,1081,1194,1925,113,13,2005.673877,2009.622296,3.948419,visible raster pixels only; hidden/covered bar portions cannot be reconstructed,1978,2020,10101,11543,2005,246,2005-D246,2009,228,2009-D228,1443,AMSUA,NOAA 18,AMSUA|NOAA 18,True,True,False,11543,2009-D228,2009-08-16,2005-D246,2009-D228,0
210,86,NOAA 18 AMSUA Rad.,Microwave sounders,True,grey,thick,grey_thick,used in both ERA5 and the reference system,visible_color_bar,1204,1482,1925,278,13,2009.971714,2019.685524,9.71381,visible raster pixels only; hidden/covered bar portions cannot be reconstructed,1978,2020,11670,15216,2009,355,2009-D355,2019,251,2019-D251,3547,AMSUA,NOAA 18,AMSUA|NOAA 18,True,True,True,15216,2019-D251,2019-09-08,2009-D355,2019-D251,1
211,87,NOAA 17 AMSUA Rad.,Microwave sounders,True,red,thick,red_thick,assimilated in the reference system but not in ERA5,visible_color_bar,992,996,1945,4,13,2002.56406,2002.703827,0.139767,visible raster pixels only; hidden/covered bar portions cannot be reconstructed,1978,2020,8966,9017,2002,206,2002-D206,2002,257,2002-D257,52,AMSUA,NOAA 17,AMSUA|NOAA 17,False,True,False,9017,2002-D257,2002-09-14,2002-D206,2002-D257,0
212,87,NOAA 17 AMSUA Rad.,Microwave sounders,True,grey,thick,grey_thick,used in both ERA5 and the reference system,visible_color_bar,996,1029,1945,33,13,2002.703827,2003.856905,1.153078,visible raster pixels only; hidden/covered bar portions cannot be reconstructed,1978,2020,9017,9438,2002,257,2002-D257,2003,313,2003-D313,422,AMSUA,NOAA 17,AMSUA|NOAA 17,True,True,False,9438,2003-D313,2003-11-09,2002-D257,2003-D313,0
213,88,NOAA 16 AMSU-A Rad.,Microwave sounders,True,green,thick,green_thick,used in ERA5 but not in the reference system,visible_color_bar,1234,1309,1964,75,13,2011.019967,2013.640599,2.620632,visible raster pixels only; hidden/covered bar portions cannot be reconstructed,1978,2020,12053,13009,2011,8,2011-D008,2013,234,2013-D234,957,AMSUA,NOAA 16,AMSUA|NOAA 16,True,False,False,13009,2013-D234,2013-08-22,,,0
214,88,NOAA 16 AMSU-A Rad.,Microwave sounders,True,red,thick,red_thick,assimilated in the reference system but not in ERA5,visible_color_bar,942,947,1964,5,13,2000.816972,2000.991681,0.174709,visible raster pixels only; hidden/covered bar portions cannot be reconstructed,1978,2020,8329,8392,2000,299,2000-D299,2000,362,2000-D362,64,AMSUA,NOAA 16,AMSUA|NOAA 16,False,True,False,8392,2000-D362,2000-12-28,2000-D299,2000-D362,0
215,88,NOAA 16 AMSU-A Rad.,Microwave sounders,True,red,thick,red_thick,assimilated in the reference system but not in ERA5,visible_color_bar,1132,1137,1964,5,12,2007.455907,2007.630616,0.174709,visible raster pixels only; hidden/covered bar portions cannot be reconstructed,1978,2020,10752,10816,2007,167,2007-D167,2007,231,2007-D231,65,AMSUA,NOAA 16,AMSUA|NOAA 16,False,True,False,10816,2007-D231,2007-08-19,2007-D167,2007-D231,0
216,88,NOAA 16 AMSU-A Rad.,Microwave sounders,True,red,thick,red_thick,assimilated in the reference system but not in ERA5,visible_color_bar,1150,1154,1964,4,13,2008.084859,2008.224626,0.139767,visible raster pixels only; hidden/covered bar portions cannot be reconstructed,1978,2020,10981,11032,2008,31,2008-D031,2008,82,2008-D082,52,AMSUA,NOAA 16,AMSUA|NOAA 16,False,True,False,11032,2008-D082,2008-03-23,2008-D031,2008-D082,0
217,88,NOAA 16 AMSU-A Rad.,Microwave sounders,True,red,thick,red_thick,assimilated in the reference system but not in ERA5,visible_color_bar,1175,1190,1964,15,13,2008.958403,2009.482529,0.524126,visible raster pixels only; hidden/covered bar portions cannot be reconstructed,1978,2020,11300,11492,2008,350,2008-D350,2009,177,2009-D177,193,AMSUA,NOAA 16,AMSUA|NOAA 16,False,True,False,11492,2009-D177,2009-06-26,2008-D350,2009-D177,0
218,88,NOAA 16 AMSU-A Rad.,Microwave sounders,True,grey,thick,grey_thick,used in both ERA5 and the reference system,visible_color_bar,947,1132,1964,185,13,2000.991681,2007.455907,6.464226,visible raster pixels only; hidden/covered bar portions cannot be reconstructed,1978,2020,8392,10752,2000,362,2000-D362,2007,167,2007-D167,2361,AMSUA,NOAA 16,AMSUA|NOAA 16,True,True,False,10752,2007-D167,2007-06-16,2000-D362,2007-D167,0
219,88,NOAA 16 AMSU-A Rad.,Microwave sounders,True,grey,thick,grey_thick,used in both ERA5 and the reference system,visible_color_bar,1136,1150,1964,14,13,2007.595674,2008.084859,0.489185,visible raster pixels only; hidden/covered bar portions cannot be reconstructed,1978,2020,10803,10981,2007,218,2007-D218,2008,31,2008-D031,179,AMSUA,NOAA 16,AMSUA|NOAA 16,True,True,False,10981,2008-D031,2008-01-31,2007-D218,2008-D031,0
220,88,NOAA 16 AMSU-A Rad.,Microwave sounders,True,grey,thick,grey_thick,used in both ERA5 and the reference system,visible_color_bar,1154,1175,1964,21,13,2008.224626,2008.958403,0.733777,visible raster pixels only; hidden/covered bar portions cannot be reconstructed,1978,2020,11032,11300,2008,82,2008-D082,2008,350,2008-D350,269,AMSUA,NOAA 16,AMSUA|NOAA 16,True,True,False,11300,2008-D350,2008-12-16,2008-D082,2008-D350,0
221,88,NOAA 16 AMSU-A Rad.,Microwave sounders,True,grey,thick,grey_thick,used in both ERA5 and the reference system,visible_color_bar,1309,1332,1964,23,13,2013.640599,2014.44426,0.803661,visible raster pixels only; hidden/covered bar portions cannot be reconstructed,1978,2020,13009,13303,2013,234,2013-D234,2014,163,2014-D163,295,AMSUA,NOAA 16,AMSUA|NOAA 16,True,True,False,13303,2014-D163,2014-06-12,2013-D234,2014-D163,0
222,89,NOAA 15 AMSUA Rad,Microwave sounders,True,green,thick,green_thick,used in ERA5 but not in the reference system,visible_color_bar,1353,1357,1983,4,13,2015.178037,2015.317804,0.139767,visible raster pixels only; hidden/covered bar portions cannot be reconstructed,1978,2020,13570,13621,2015,65,2015-D065,2015,116,2015-D116,52,AMSUA,NOAA 15,AMSUA|NOAA 15,True,False,False,13621,2015-D116,2015-04-26,,,0
223,89,NOAA 15 AMSUA Rad,Microwave sounders,True,red,thick,red_thick,assimilated in the reference system but not in ERA5,visible_color_bar,878,883,1983,5,13,1998.580699,1998.755408,0.174709,visible raster pixels only; hidden/covered bar portions cannot be reconstructed,1978,2020,7512,7576,1998,212,1998-D212,1998,276,1998-D276,65,AMSUA,NOAA 15,AMSUA|NOAA 15,False,True,False,7576,1998-D276,1998-10-03,1998-D212,1998-D276,0
224,89,NOAA 15 AMSUA Rad,Microwave sounders,True,red,thick,red_thick,assimilated in the reference system but not in ERA5,visible_color_bar,1178,1180,1983,2,13,2009.063228,2009.133111,0.069884,visible raster pixels only; hidden/covered bar portions cannot be reconstructed,1978,2020,11339,11364,2009,24,2009-D024,2009,49,2009-D049,26,AMSUA,NOAA 15,AMSUA|NOAA 15,False,True,False,11364,2009-D049,2009-02-18,2009-D024,2009-D049,0
225,89,NOAA 15 AMSUA Rad,Microwave sounders,True,grey,thick,grey_thick,used in both ERA5 and the reference system,visible_color_bar,882,1482,1983,600,13,1998.720466,2019.685524,20.965058,visible raster pixels only; hidden/covered bar portions cannot be reconstructed,1978,2020,7563,15216,1998,263,1998-D263,2019,251,2019-D251,7654,AMSUA,NOAA 15,AMSUA|NOAA 15,True,True,True,15216,2019-D251,2019-09-08,1998-D263,2019-D251,1
